dataset,dataset_params,perturbation,perturbation_params,alpha,seed,workflow,distribution_score,mean_shift_score,paired_score,runtime_seconds,memory_mb,status,error_message
erdos_renyi,"{""edge_probability"": 0.12, ""family"": ""erdos_renyi"", ""m"": 2, ""num_blocks"": 3, ""num_graphs"": 5, ""num_nodes"": 8, ""p_in"": 0.25, ""p_out"": 0.03, ""seed"": 0}",edge_addition_deletion,"{""alpha"": 0.0, ""edges_added"": 0, ""edges_removed"": 0, ""graphs"": 5, ""graphs_skipped"": 0, ""graphs_success"": 5, ""method"": ""edge_addition_deletion"", ""rewires"": 0, ""triangles_affected"": 0}",0.0,0,structural_statistics_mmd,0.0,0.0,0.0,0.0025150729998131283,0.00724029541015625,success,
erdos_renyi,"{""edge_probability"": 0.12, ""family"": ""erdos_renyi"", ""m"": 2, ""num_blocks"": 3, ""num_graphs"": 5, ""num_nodes"": 8, ""p_in"": 0.25, ""p_out"": 0.03, ""seed"": 0}",edge_addition_deletion,"{""alpha"": 0.0, ""edges_added"": 0, ""edges_removed"": 0, ""graphs"": 5, ""graphs_skipped"": 0, ""graphs_success"": 5, ""method"": ""edge_addition_deletion"", ""rewires"": 0, ""triangles_affected"": 0}",0.0,0,wl_subtree_kernel_mmd,0.0,0.0,0.0,0.004364100001112092,0.016887664794921875,success,
erdos_renyi,"{""edge_probability"": 0.12, ""family"": ""erdos_renyi"", ""m"": 2, ""num_blocks"": 3, ""num_graphs"": 5, ""num_nodes"": 8, ""p_in"": 0.25, ""p_out"": 0.03, ""seed"": 0}",edge_addition_deletion,"{""alpha"": 0.0, ""edges_added"": 0, ""edges_removed"": 0, ""graphs"": 5, ""graphs_skipped"": 0, ""graphs_success"": 5, ""method"": ""edge_addition_deletion"", ""rewires"": 0, ""triangles_affected"": 0}",0.0,0,netlsd_spectral_signatures,0.0,0.0,0.0,0.01428275900252629,0.00711822509765625,success,
erdos_renyi,"{""edge_probability"": 0.12, ""family"": ""erdos_renyi"", ""m"": 2, ""num_blocks"": 3, ""num_graphs"": 5, ""num_nodes"": 8, ""p_in"": 0.25, ""p_out"": 0.03, ""seed"": 0}",edge_addition_deletion,"{""alpha"": 0.0, ""edges_added"": 0, ""edges_removed"": 0, ""graphs"": 5, ""graphs_skipped"": 0, ""graphs_success"": 5, ""method"": ""edge_addition_deletion"", ""rewires"": 0, ""triangles_affected"": 0}",0.0,0,diversity_curves_l2,0.0,0.0,0.0,0.005126545998791698,0.00754547119140625,success,
erdos_renyi,"{""edge_probability"": 0.12, ""family"": ""erdos_renyi"", ""m"": 2, ""num_blocks"": 3, ""num_graphs"": 5, ""num_nodes"": 8, ""p_in"": 0.25, ""p_out"": 0.03, ""seed"": 0}",edge_addition_deletion,"{""alpha"": 0.5, ""edges_added"": 5, ""edges_removed"": 1, ""graphs"": 5, ""graphs_skipped"": 0, ""graphs_success"": 5, ""method"": ""edge_addition_deletion"", ""rewires"": 0, ""triangles_affected"": 0}",0.5,0,structural_statistics_mmd,0.009614926106830568,1.0250933257662989,1.0873476716951902,0.002551341000071261,0.00464630126953125,success,
erdos_renyi,"{""edge_probability"": 0.12, ""family"": ""erdos_renyi"", ""m"": 2, ""num_blocks"": 3, ""num_graphs"": 5, ""num_nodes"": 8, ""p_in"": 0.25, ""p_out"": 0.03, ""seed"": 0}",edge_addition_deletion,"{""alpha"": 0.5, ""edges_added"": 5, ""edges_removed"": 1, ""graphs"": 5, ""graphs_skipped"": 0, ""graphs_success"": 5, ""method"": ""edge_addition_deletion"", ""rewires"": 0, ""triangles_affected"": 0}",0.5,0,wl_subtree_kernel_mmd,4.16,2.039607805437114,3.8482310274647475,0.0049832479999167845,0.01565265655517578,success,
erdos_renyi,"{""edge_probability"": 0.12, ""family"": ""erdos_renyi"", ""m"": 2, ""num_blocks"": 3, ""num_graphs"": 5, ""num_nodes"": 8, ""p_in"": 0.25, ""p_out"": 0.03, ""seed"": 0}",edge_addition_deletion,"{""alpha"": 0.5, ""edges_added"": 5, ""edges_removed"": 1, ""graphs"": 5, ""graphs_skipped"": 0, ""graphs_success"": 5, ""method"": ""edge_addition_deletion"", ""rewires"": 0, ""triangles_affected"": 0}",0.5,0,netlsd_spectral_signatures,0.025450133042474565,1.7075540906671383,1.7683833405915046,0.016587809004704468,0.0063323974609375,success,
erdos_renyi,"{""edge_probability"": 0.12, ""family"": ""erdos_renyi"", ""m"": 2, ""num_blocks"": 3, ""num_graphs"": 5, ""num_nodes"": 8, ""p_in"": 0.25, ""p_out"": 0.03, ""seed"": 0}",edge_addition_deletion,"{""alpha"": 0.5, ""edges_added"": 5, ""edges_removed"": 1, ""graphs"": 5, ""graphs_skipped"": 0, ""graphs_success"": 5, ""method"": ""edge_addition_deletion"", ""rewires"": 0, ""triangles_affected"": 0}",0.5,0,diversity_curves_l2,0.16967339950622784,0.16967339950622784,0.23781008913411736,0.005127308999362867,0.0077667236328125,success,
erdos_renyi,"{""edge_probability"": 0.12, ""family"": ""erdos_renyi"", ""m"": 2, ""num_blocks"": 3, ""num_graphs"": 5, ""num_nodes"": 8, ""p_in"": 0.25, ""p_out"": 0.03, ""seed"": 0}",edge_addition_deletion,"{""alpha"": 1.0, ""edges_added"": 9, ""edges_removed"": 6, ""graphs"": 5, ""graphs_skipped"": 0, ""graphs_success"": 5, ""method"": ""edge_addition_deletion"", ""rewires"": 0, ""triangles_affected"": 0}",1.0,0,structural_statistics_mmd,0.005606155510744948,0.7378112452880274,1.1512945772192995,0.0021954960029688664,0.0045318603515625,success,
erdos_renyi,"{""edge_probability"": 0.12, ""family"": ""erdos_renyi"", ""m"": 2, ""num_blocks"": 3, ""num_graphs"": 5, ""num_nodes"": 8, ""p_in"": 0.25, ""p_out"": 0.03, ""seed"": 0}",edge_addition_deletion,"{""alpha"": 1.0, ""edges_added"": 9, ""edges_removed"": 6, ""graphs"": 5, ""graphs_skipped"": 0, ""graphs_success"": 5, ""method"": ""edge_addition_deletion"", ""rewires"": 0, ""triangles_affected"": 0}",1.0,0,wl_subtree_kernel_mmd,9.52,3.0854497241083023,5.950080371583124,0.004890896001597866,0.01578521728515625,success,
erdos_renyi,"{""edge_probability"": 0.12, ""family"": ""erdos_renyi"", ""m"": 2, ""num_blocks"": 3, ""num_graphs"": 5, ""num_nodes"": 8, ""p_in"": 0.25, ""p_out"": 0.03, ""seed"": 0}",edge_addition_deletion,"{""alpha"": 1.0, ""edges_added"": 9, ""edges_removed"": 6, ""graphs"": 5, ""graphs_skipped"": 0, ""graphs_success"": 5, ""method"": ""edge_addition_deletion"", ""rewires"": 0, ""triangles_affected"": 0}",1.0,0,netlsd_spectral_signatures,0.022856988772099962,1.377982156901417,2.434834963513805,0.014558374001353513,0.00621795654296875,success,
erdos_renyi,"{""edge_probability"": 0.12, ""family"": ""erdos_renyi"", ""m"": 2, ""num_blocks"": 3, ""num_graphs"": 5, ""num_nodes"": 8, ""p_in"": 0.25, ""p_out"": 0.03, ""seed"": 0}",edge_addition_deletion,"{""alpha"": 1.0, ""edges_added"": 9, ""edges_removed"": 6, ""graphs"": 5, ""graphs_skipped"": 0, ""graphs_success"": 5, ""method"": ""edge_addition_deletion"", ""rewires"": 0, ""triangles_affected"": 0}",1.0,0,diversity_curves_l2,0.148692215667129,0.148692215667129,0.20323042648492406,0.0050455450036679395,0.0077667236328125,success,
erdos_renyi,"{""edge_probability"": 0.12, ""family"": ""erdos_renyi"", ""m"": 2, ""num_blocks"": 3, ""num_graphs"": 5, ""num_nodes"": 8, ""p_in"": 0.25, ""p_out"": 0.03, ""seed"": 0}",triangle_injection_removal,"{""alpha"": 0.0, ""edges_added"": 0, ""edges_removed"": 0, ""graphs"": 5, ""graphs_skipped"": 0, ""graphs_success"": 5, ""method"": ""triangle_injection_removal"", ""rewires"": 0, ""triangles_affected"": 0}",0.0,0,structural_statistics_mmd,0.0,0.0,0.0,0.002201896997576114,0.00452423095703125,success,
erdos_renyi,"{""edge_probability"": 0.12, ""family"": ""erdos_renyi"", ""m"": 2, ""num_blocks"": 3, ""num_graphs"": 5, ""num_nodes"": 8, ""p_in"": 0.25, ""p_out"": 0.03, ""seed"": 0}",triangle_injection_removal,"{""alpha"": 0.0, ""edges_added"": 0, ""edges_removed"": 0, ""graphs"": 5, ""graphs_skipped"": 0, ""graphs_success"": 5, ""method"": ""triangle_injection_removal"", ""rewires"": 0, ""triangles_affected"": 0}",0.0,0,wl_subtree_kernel_mmd,0.0,0.0,0.0,0.004307495000830386,0.012546539306640625,success,
erdos_renyi,"{""edge_probability"": 0.12, ""family"": ""erdos_renyi"", ""m"": 2, ""num_blocks"": 3, ""num_graphs"": 5, ""num_nodes"": 8, ""p_in"": 0.25, ""p_out"": 0.03, ""seed"": 0}",triangle_injection_removal,"{""alpha"": 0.0, ""edges_added"": 0, ""edges_removed"": 0, ""graphs"": 5, ""graphs_skipped"": 0, ""graphs_success"": 5, ""method"": ""triangle_injection_removal"", ""rewires"": 0, ""triangles_affected"": 0}",0.0,0,netlsd_spectral_signatures,0.0,0.0,0.0,0.014275735004048329,0.00626373291015625,success,
erdos_renyi,"{""edge_probability"": 0.12, ""family"": ""erdos_renyi"", ""m"": 2, ""num_blocks"": 3, ""num_graphs"": 5, ""num_nodes"": 8, ""p_in"": 0.25, ""p_out"": 0.03, ""seed"": 0}",triangle_injection_removal,"{""alpha"": 0.0, ""edges_added"": 0, ""edges_removed"": 0, ""graphs"": 5, ""graphs_skipped"": 0, ""graphs_success"": 5, ""method"": ""triangle_injection_removal"", ""rewires"": 0, ""triangles_affected"": 0}",0.0,0,diversity_curves_l2,0.0,0.0,0.0,0.0049961630065809,0.0074615478515625,success,
erdos_renyi,"{""edge_probability"": 0.12, ""family"": ""erdos_renyi"", ""m"": 2, ""num_blocks"": 3, ""num_graphs"": 5, ""num_nodes"": 8, ""p_in"": 0.25, ""p_out"": 0.03, ""seed"": 0}",triangle_injection_removal,"{""alpha"": 0.5, ""edges_added"": 4, ""edges_removed"": 1, ""graphs"": 5, ""graphs_skipped"": 0, ""graphs_success"": 5, ""method"": ""triangle_injection_removal"", ""rewires"": 0, ""triangles_affected"": 5}",0.5,0,structural_statistics_mmd,0.009094443222590565,0.9822982633181807,0.9846987222367052,0.0022377740024239756,0.004547119140625,success,
erdos_renyi,"{""edge_probability"": 0.12, ""family"": ""erdos_renyi"", ""m"": 2, ""num_blocks"": 3, ""num_graphs"": 5, ""num_nodes"": 8, ""p_in"": 0.25, ""p_out"": 0.03, ""seed"": 0}",triangle_injection_removal,"{""alpha"": 0.5, ""edges_added"": 4, ""edges_removed"": 1, ""graphs"": 5, ""graphs_skipped"": 0, ""graphs_success"": 5, ""method"": ""triangle_injection_removal"", ""rewires"": 0, ""triangles_affected"": 5}",0.5,0,wl_subtree_kernel_mmd,2.64,1.624807680927192,2.1511747526170333,0.004322262997447979,0.01548004150390625,success,
erdos_renyi,"{""edge_probability"": 0.12, ""family"": ""erdos_renyi"", ""m"": 2, ""num_blocks"": 3, ""num_graphs"": 5, ""num_nodes"": 8, ""p_in"": 0.25, ""p_out"": 0.03, ""seed"": 0}",triangle_injection_removal,"{""alpha"": 0.5, ""edges_added"": 4, ""edges_removed"": 1, ""graphs"": 5, ""graphs_skipped"": 0, ""graphs_success"": 5, ""method"": ""triangle_injection_removal"", ""rewires"": 0, ""triangles_affected"": 5}",0.5,0,netlsd_spectral_signatures,0.0001635643574815493,0.14582352108646293,0.14953750390538312,0.01547948600637028,0.00628662109375,success,
erdos_renyi,"{""edge_probability"": 0.12, ""family"": ""erdos_renyi"", ""m"": 2, ""num_blocks"": 3, ""num_graphs"": 5, ""num_nodes"": 8, ""p_in"": 0.25, ""p_out"": 0.03, ""seed"": 0}",triangle_injection_removal,"{""alpha"": 0.5, ""edges_added"": 4, ""edges_removed"": 1, ""graphs"": 5, ""graphs_skipped"": 0, ""graphs_success"": 5, ""method"": ""triangle_injection_removal"", ""rewires"": 0, ""triangles_affected"": 5}",0.5,0,diversity_curves_l2,0.13664506943172153,0.13664506943172153,0.1617160887077656,0.005393375999119598,0.0082550048828125,success,
erdos_renyi,"{""edge_probability"": 0.12, ""family"": ""erdos_renyi"", ""m"": 2, ""num_blocks"": 3, ""num_graphs"": 5, ""num_nodes"": 8, ""p_in"": 0.25, ""p_out"": 0.03, ""seed"": 0}",triangle_injection_removal,"{""alpha"": 1.0, ""edges_added"": 7, ""edges_removed"": 5, ""graphs"": 5, ""graphs_skipped"": 0, ""graphs_success"": 5, ""method"": ""triangle_injection_removal"", ""rewires"": 0, ""triangles_affected"": 12}",1.0,0,structural_statistics_mmd,0.007936063882922229,0.8978051468067294,0.9890454813356975,0.002210544000263326,0.004547119140625,success,
erdos_renyi,"{""edge_probability"": 0.12, ""family"": ""erdos_renyi"", ""m"": 2, ""num_blocks"": 3, ""num_graphs"": 5, ""num_nodes"": 8, ""p_in"": 0.25, ""p_out"": 0.03, ""seed"": 0}",triangle_injection_removal,"{""alpha"": 1.0, ""edges_added"": 7, ""edges_removed"": 5, ""graphs"": 5, ""graphs_skipped"": 0, ""graphs_success"": 5, ""method"": ""triangle_injection_removal"", ""rewires"": 0, ""triangles_affected"": 12}",1.0,0,wl_subtree_kernel_mmd,2.24,1.4966629547095767,2.1111667470117474,0.004227024001011159,0.013415336608886719,success,
erdos_renyi,"{""edge_probability"": 0.12, ""family"": ""erdos_renyi"", ""m"": 2, ""num_blocks"": 3, ""num_graphs"": 5, ""num_nodes"": 8, ""p_in"": 0.25, ""p_out"": 0.03, ""seed"": 0}",triangle_injection_removal,"{""alpha"": 1.0, ""edges_added"": 7, ""edges_removed"": 5, ""graphs"": 5, ""graphs_skipped"": 0, ""graphs_success"": 5, ""method"": ""triangle_injection_removal"", ""rewires"": 0, ""triangles_affected"": 12}",1.0,0,netlsd_spectral_signatures,0.0020670250835586046,0.4343122451109367,0.5337667130424186,0.011574424002901651,0.0062408447265625,success,
erdos_renyi,"{""edge_probability"": 0.12, ""family"": ""erdos_renyi"", ""m"": 2, ""num_blocks"": 3, ""num_graphs"": 5, ""num_nodes"": 8, ""p_in"": 0.25, ""p_out"": 0.03, ""seed"": 0}",triangle_injection_removal,"{""alpha"": 1.0, ""edges_added"": 7, ""edges_removed"": 5, ""graphs"": 5, ""graphs_skipped"": 0, ""graphs_success"": 5, ""method"": ""triangle_injection_removal"", ""rewires"": 0, ""triangles_affected"": 12}",1.0,0,diversity_curves_l2,0.13664506943172156,0.13664506943172156,0.16600980134651214,0.005215773999225348,0.0070953369140625,success,
erdos_renyi,"{""edge_probability"": 0.12, ""family"": ""erdos_renyi"", ""m"": 2, ""num_blocks"": 3, ""num_graphs"": 5, ""num_nodes"": 8, ""p_in"": 0.25, ""p_out"": 0.03, ""seed"": 0}",community_weakening,"{""alpha"": 0.0, ""edges_added"": 0, ""edges_removed"": 0, ""graphs"": 5, ""graphs_skipped"": 5, ""graphs_success"": 0, ""method"": ""community_weakening"", ""rewires"": 0, ""triangles_affected"": 0}",0.0,0,structural_statistics_mmd,,,,0.0,,skipped,community_weakening requires community_labels metadata
erdos_renyi,"{""edge_probability"": 0.12, ""family"": ""erdos_renyi"", ""m"": 2, ""num_blocks"": 3, ""num_graphs"": 5, ""num_nodes"": 8, ""p_in"": 0.25, ""p_out"": 0.03, ""seed"": 0}",community_weakening,"{""alpha"": 0.0, ""edges_added"": 0, ""edges_removed"": 0, ""graphs"": 5, ""graphs_skipped"": 5, ""graphs_success"": 0, ""method"": ""community_weakening"", ""rewires"": 0, ""triangles_affected"": 0}",0.0,0,wl_subtree_kernel_mmd,,,,0.0,,skipped,community_weakening requires community_labels metadata
erdos_renyi,"{""edge_probability"": 0.12, ""family"": ""erdos_renyi"", ""m"": 2, ""num_blocks"": 3, ""num_graphs"": 5, ""num_nodes"": 8, ""p_in"": 0.25, ""p_out"": 0.03, ""seed"": 0}",community_weakening,"{""alpha"": 0.0, ""edges_added"": 0, ""edges_removed"": 0, ""graphs"": 5, ""graphs_skipped"": 5, ""graphs_success"": 0, ""method"": ""community_weakening"", ""rewires"": 0, ""triangles_affected"": 0}",0.0,0,netlsd_spectral_signatures,,,,0.0,,skipped,community_weakening requires community_labels metadata
erdos_renyi,"{""edge_probability"": 0.12, ""family"": ""erdos_renyi"", ""m"": 2, ""num_blocks"": 3, ""num_graphs"": 5, ""num_nodes"": 8, ""p_in"": 0.25, ""p_out"": 0.03, ""seed"": 0}",community_weakening,"{""alpha"": 0.0, ""edges_added"": 0, ""edges_removed"": 0, ""graphs"": 5, ""graphs_skipped"": 5, ""graphs_success"": 0, ""method"": ""community_weakening"", ""rewires"": 0, ""triangles_affected"": 0}",0.0,0,diversity_curves_l2,,,,0.0,,skipped,community_weakening requires community_labels metadata
erdos_renyi,"{""edge_probability"": 0.12, ""family"": ""erdos_renyi"", ""m"": 2, ""num_blocks"": 3, ""num_graphs"": 5, ""num_nodes"": 8, ""p_in"": 0.25, ""p_out"": 0.03, ""seed"": 0}",community_weakening,"{""alpha"": 0.5, ""edges_added"": 0, ""edges_removed"": 0, ""graphs"": 5, ""graphs_skipped"": 5, ""graphs_success"": 0, ""method"": ""community_weakening"", ""rewires"": 0, ""triangles_affected"": 0}",0.5,0,structural_statistics_mmd,,,,0.0,,skipped,community_weakening requires community_labels metadata
erdos_renyi,"{""edge_probability"": 0.12, ""family"": ""erdos_renyi"", ""m"": 2, ""num_blocks"": 3, ""num_graphs"": 5, ""num_nodes"": 8, ""p_in"": 0.25, ""p_out"": 0.03, ""seed"": 0}",community_weakening,"{""alpha"": 0.5, ""edges_added"": 0, ""edges_removed"": 0, ""graphs"": 5, ""graphs_skipped"": 5, ""graphs_success"": 0, ""method"": ""community_weakening"", ""rewires"": 0, ""triangles_affected"": 0}",0.5,0,wl_subtree_kernel_mmd,,,,0.0,,skipped,community_weakening requires community_labels metadata
erdos_renyi,"{""edge_probability"": 0.12, ""family"": ""erdos_renyi"", ""m"": 2, ""num_blocks"": 3, ""num_graphs"": 5, ""num_nodes"": 8, ""p_in"": 0.25, ""p_out"": 0.03, ""seed"": 0}",community_weakening,"{""alpha"": 0.5, ""edges_added"": 0, ""edges_removed"": 0, ""graphs"": 5, ""graphs_skipped"": 5, ""graphs_success"": 0, ""method"": ""community_weakening"", ""rewires"": 0, ""triangles_affected"": 0}",0.5,0,netlsd_spectral_signatures,,,,0.0,,skipped,community_weakening requires community_labels metadata
erdos_renyi,"{""edge_probability"": 0.12, ""family"": ""erdos_renyi"", ""m"": 2, ""num_blocks"": 3, ""num_graphs"": 5, ""num_nodes"": 8, ""p_in"": 0.25, ""p_out"": 0.03, ""seed"": 0}",community_weakening,"{""alpha"": 0.5, ""edges_added"": 0, ""edges_removed"": 0, ""graphs"": 5, ""graphs_skipped"": 5, ""graphs_success"": 0, ""method"": ""community_weakening"", ""rewires"": 0, ""triangles_affected"": 0}",0.5,0,diversity_curves_l2,,,,0.0,,skipped,community_weakening requires community_labels metadata
erdos_renyi,"{""edge_probability"": 0.12, ""family"": ""erdos_renyi"", ""m"": 2, ""num_blocks"": 3, ""num_graphs"": 5, ""num_nodes"": 8, ""p_in"": 0.25, ""p_out"": 0.03, ""seed"": 0}",community_weakening,"{""alpha"": 1.0, ""edges_added"": 0, ""edges_removed"": 0, ""graphs"": 5, ""graphs_skipped"": 5, ""graphs_success"": 0, ""method"": ""community_weakening"", ""rewires"": 0, ""triangles_affected"": 0}",1.0,0,structural_statistics_mmd,,,,0.0,,skipped,community_weakening requires community_labels metadata
erdos_renyi,"{""edge_probability"": 0.12, ""family"": ""erdos_renyi"", ""m"": 2, ""num_blocks"": 3, ""num_graphs"": 5, ""num_nodes"": 8, ""p_in"": 0.25, ""p_out"": 0.03, ""seed"": 0}",community_weakening,"{""alpha"": 1.0, ""edges_added"": 0, ""edges_removed"": 0, ""graphs"": 5, ""graphs_skipped"": 5, ""graphs_success"": 0, ""method"": ""community_weakening"", ""rewires"": 0, ""triangles_affected"": 0}",1.0,0,wl_subtree_kernel_mmd,,,,0.0,,skipped,community_weakening requires community_labels metadata
erdos_renyi,"{""edge_probability"": 0.12, ""family"": ""erdos_renyi"", ""m"": 2, ""num_blocks"": 3, ""num_graphs"": 5, ""num_nodes"": 8, ""p_in"": 0.25, ""p_out"": 0.03, ""seed"": 0}",community_weakening,"{""alpha"": 1.0, ""edges_added"": 0, ""edges_removed"": 0, ""graphs"": 5, ""graphs_skipped"": 5, ""graphs_success"": 0, ""method"": ""community_weakening"", ""rewires"": 0, ""triangles_affected"": 0}",1.0,0,netlsd_spectral_signatures,,,,0.0,,skipped,community_weakening requires community_labels metadata
erdos_renyi,"{""edge_probability"": 0.12, ""family"": ""erdos_renyi"", ""m"": 2, ""num_blocks"": 3, ""num_graphs"": 5, ""num_nodes"": 8, ""p_in"": 0.25, ""p_out"": 0.03, ""seed"": 0}",community_weakening,"{""alpha"": 1.0, ""edges_added"": 0, ""edges_removed"": 0, ""graphs"": 5, ""graphs_skipped"": 5, ""graphs_success"": 0, ""method"": ""community_weakening"", ""rewires"": 0, ""triangles_affected"": 0}",1.0,0,diversity_curves_l2,,,,0.0,,skipped,community_weakening requires community_labels metadata
erdos_renyi,"{""edge_probability"": 0.12, ""family"": ""erdos_renyi"", ""m"": 2, ""num_blocks"": 3, ""num_graphs"": 5, ""num_nodes"": 8, ""p_in"": 0.25, ""p_out"": 0.03, ""seed"": 0}",hub_modification,"{""alpha"": 0.0, ""edges_added"": 0, ""edges_removed"": 0, ""graphs"": 5, ""graphs_skipped"": 0, ""graphs_success"": 5, ""method"": ""hub_modification"", ""rewires"": 0, ""triangles_affected"": 0}",0.0,0,structural_statistics_mmd,0.0,0.0,0.0,0.002298277999216225,0.00452423095703125,success,
erdos_renyi,"{""edge_probability"": 0.12, ""family"": ""erdos_renyi"", ""m"": 2, ""num_blocks"": 3, ""num_graphs"": 5, ""num_nodes"": 8, ""p_in"": 0.25, ""p_out"": 0.03, ""seed"": 0}",hub_modification,"{""alpha"": 0.0, ""edges_added"": 0, ""edges_removed"": 0, ""graphs"": 5, ""graphs_skipped"": 0, ""graphs_success"": 5, ""method"": ""hub_modification"", ""rewires"": 0, ""triangles_affected"": 0}",0.0,0,wl_subtree_kernel_mmd,0.0,0.0,0.0,0.005785517998447176,0.012546539306640625,success,
erdos_renyi,"{""edge_probability"": 0.12, ""family"": ""erdos_renyi"", ""m"": 2, ""num_blocks"": 3, ""num_graphs"": 5, ""num_nodes"": 8, ""p_in"": 0.25, ""p_out"": 0.03, ""seed"": 0}",hub_modification,"{""alpha"": 0.0, ""edges_added"": 0, ""edges_removed"": 0, ""graphs"": 5, ""graphs_skipped"": 0, ""graphs_success"": 5, ""method"": ""hub_modification"", ""rewires"": 0, ""triangles_affected"": 0}",0.0,0,netlsd_spectral_signatures,0.0,0.0,0.0,0.014902196999173611,0.00626373291015625,success,
erdos_renyi,"{""edge_probability"": 0.12, ""family"": ""erdos_renyi"", ""m"": 2, ""num_blocks"": 3, ""num_graphs"": 5, ""num_nodes"": 8, ""p_in"": 0.25, ""p_out"": 0.03, ""seed"": 0}",hub_modification,"{""alpha"": 0.0, ""edges_added"": 0, ""edges_removed"": 0, ""graphs"": 5, ""graphs_skipped"": 0, ""graphs_success"": 5, ""method"": ""hub_modification"", ""rewires"": 0, ""triangles_affected"": 0}",0.0,0,diversity_curves_l2,0.0,0.0,0.0,0.005323525001585949,0.0074615478515625,success,
erdos_renyi,"{""edge_probability"": 0.12, ""family"": ""erdos_renyi"", ""m"": 2, ""num_blocks"": 3, ""num_graphs"": 5, ""num_nodes"": 8, ""p_in"": 0.25, ""p_out"": 0.03, ""seed"": 0}",hub_modification,"{""alpha"": 0.5, ""edges_added"": 5, ""edges_removed"": 5, ""graphs"": 5, ""graphs_skipped"": 0, ""graphs_success"": 5, ""method"": ""hub_modification"", ""rewires"": 5, ""triangles_affected"": 0}",0.5,0,structural_statistics_mmd,2.607468761017806e-05,0.04999999999999999,0.15,0.0022526020038640127,0.00457000732421875,success,
erdos_renyi,"{""edge_probability"": 0.12, ""family"": ""erdos_renyi"", ""m"": 2, ""num_blocks"": 3, ""num_graphs"": 5, ""num_nodes"": 8, ""p_in"": 0.25, ""p_out"": 0.03, ""seed"": 0}",hub_modification,"{""alpha"": 0.5, ""edges_added"": 5, ""edges_removed"": 5, ""graphs"": 5, ""graphs_skipped"": 0, ""graphs_success"": 5, ""method"": ""hub_modification"", ""rewires"": 5, ""triangles_affected"": 0}",0.5,0,wl_subtree_kernel_mmd,1.4400000000000004,1.2000000000000002,2.365436543168373,0.00431838499935111,0.013156890869140625,success,
erdos_renyi,"{""edge_probability"": 0.12, ""family"": ""erdos_renyi"", ""m"": 2, ""num_blocks"": 3, ""num_graphs"": 5, ""num_nodes"": 8, ""p_in"": 0.25, ""p_out"": 0.03, ""seed"": 0}",hub_modification,"{""alpha"": 0.5, ""edges_added"": 5, ""edges_removed"": 5, ""graphs"": 5, ""graphs_skipped"": 0, ""graphs_success"": 5, ""method"": ""hub_modification"", ""rewires"": 5, ""triangles_affected"": 0}",0.5,0,netlsd_spectral_signatures,0.0002680938109052011,0.1576124790663771,0.32702678667354396,0.01604887099529151,0.00628662109375,success,
erdos_renyi,"{""edge_probability"": 0.12, ""family"": ""erdos_renyi"", ""m"": 2, ""num_blocks"": 3, ""num_graphs"": 5, ""num_nodes"": 8, ""p_in"": 0.25, ""p_out"": 0.03, ""seed"": 0}",hub_modification,"{""alpha"": 0.5, ""edges_added"": 5, ""edges_removed"": 5, ""graphs"": 5, ""graphs_skipped"": 0, ""graphs_success"": 5, ""method"": ""hub_modification"", ""rewires"": 5, ""triangles_affected"": 0}",0.5,0,diversity_curves_l2,0.10661701318269988,0.10661701318269988,0.12161604883801358,0.005043882003519684,0.0075225830078125,success,
erdos_renyi,"{""edge_probability"": 0.12, ""family"": ""erdos_renyi"", ""m"": 2, ""num_blocks"": 3, ""num_graphs"": 5, ""num_nodes"": 8, ""p_in"": 0.25, ""p_out"": 0.03, ""seed"": 0}",hub_modification,"{""alpha"": 1.0, ""edges_added"": 8, ""edges_removed"": 8, ""graphs"": 5, ""graphs_skipped"": 0, ""graphs_success"": 5, ""method"": ""hub_modification"", ""rewires"": 8, ""triangles_affected"": 0}",1.0,0,structural_statistics_mmd,0.0013447455286375032,0.368272996566406,0.40794552658190886,0.002405236999038607,0.00457000732421875,success,
erdos_renyi,"{""edge_probability"": 0.12, ""family"": ""erdos_renyi"", ""m"": 2, ""num_blocks"": 3, ""num_graphs"": 5, ""num_nodes"": 8, ""p_in"": 0.25, ""p_out"": 0.03, ""seed"": 0}",hub_modification,"{""alpha"": 1.0, ""edges_added"": 8, ""edges_removed"": 8, ""graphs"": 5, ""graphs_skipped"": 0, ""graphs_success"": 5, ""method"": ""hub_modification"", ""rewires"": 8, ""triangles_affected"": 0}",1.0,0,wl_subtree_kernel_mmd,1.6799999999999997,1.296148139681572,1.9595917942265424,0.004299038999306504,0.012546539306640625,success,
erdos_renyi,"{""edge_probability"": 0.12, ""family"": ""erdos_renyi"", ""m"": 2, ""num_blocks"": 3, ""num_graphs"": 5, ""num_nodes"": 8, ""p_in"": 0.25, ""p_out"": 0.03, ""seed"": 0}",hub_modification,"{""alpha"": 1.0, ""edges_added"": 8, ""edges_removed"": 8, ""graphs"": 5, ""graphs_skipped"": 0, ""graphs_success"": 5, ""method"": ""hub_modification"", ""rewires"": 8, ""triangles_affected"": 0}",1.0,0,netlsd_spectral_signatures,0.003092347412544827,0.5610906298108645,0.6139348321982425,0.014994208999269176,0.00628662109375,success,
erdos_renyi,"{""edge_probability"": 0.12, ""family"": ""erdos_renyi"", ""m"": 2, ""num_blocks"": 3, ""num_graphs"": 5, ""num_nodes"": 8, ""p_in"": 0.25, ""p_out"": 0.03, ""seed"": 0}",hub_modification,"{""alpha"": 1.0, ""edges_added"": 8, ""edges_removed"": 8, ""graphs"": 5, ""graphs_skipped"": 0, ""graphs_success"": 5, ""method"": ""hub_modification"", ""rewires"": 8, ""triangles_affected"": 0}",1.0,0,diversity_curves_l2,0.03124999999999998,0.03124999999999998,0.0731710510743138,0.005110696998599451,0.0075225830078125,success,
stochastic_block_model,"{""edge_probability"": 0.1, ""family"": ""stochastic_block_model"", ""m"": 2, ""num_blocks"": 4, ""num_graphs"": 5, ""num_nodes"": 8, ""p_in"": 0.28, ""p_out"": 0.04, ""seed"": 0}",edge_addition_deletion,"{""alpha"": 0.0, ""edges_added"": 0, ""edges_removed"": 0, ""graphs"": 5, ""graphs_skipped"": 0, ""graphs_success"": 5, ""method"": ""edge_addition_deletion"", ""rewires"": 0, ""triangles_affected"": 0}",0.0,0,structural_statistics_mmd,0.0,0.0,0.0,0.0022052739950595424,0.0047149658203125,success,
stochastic_block_model,"{""edge_probability"": 0.1, ""family"": ""stochastic_block_model"", ""m"": 2, ""num_blocks"": 4, ""num_graphs"": 5, ""num_nodes"": 8, ""p_in"": 0.28, ""p_out"": 0.04, ""seed"": 0}",edge_addition_deletion,"{""alpha"": 0.0, ""edges_added"": 0, ""edges_removed"": 0, ""graphs"": 5, ""graphs_skipped"": 0, ""graphs_success"": 5, ""method"": ""edge_addition_deletion"", ""rewires"": 0, ""triangles_affected"": 0}",0.0,0,wl_subtree_kernel_mmd,0.0,0.0,0.0,0.004200445000606123,0.015073776245117188,success,
stochastic_block_model,"{""edge_probability"": 0.1, ""family"": ""stochastic_block_model"", ""m"": 2, ""num_blocks"": 4, ""num_graphs"": 5, ""num_nodes"": 8, ""p_in"": 0.28, ""p_out"": 0.04, ""seed"": 0}",edge_addition_deletion,"{""alpha"": 0.0, ""edges_added"": 0, ""edges_removed"": 0, ""graphs"": 5, ""graphs_skipped"": 0, ""graphs_success"": 5, ""method"": ""edge_addition_deletion"", ""rewires"": 0, ""triangles_affected"": 0}",0.0,0,netlsd_spectral_signatures,0.0,0.0,0.0,0.011292166003840975,0.00628662109375,success,
stochastic_block_model,"{""edge_probability"": 0.1, ""family"": ""stochastic_block_model"", ""m"": 2, ""num_blocks"": 4, ""num_graphs"": 5, ""num_nodes"": 8, ""p_in"": 0.28, ""p_out"": 0.04, ""seed"": 0}",edge_addition_deletion,"{""alpha"": 0.0, ""edges_added"": 0, ""edges_removed"": 0, ""graphs"": 5, ""graphs_skipped"": 0, ""graphs_success"": 5, ""method"": ""edge_addition_deletion"", ""rewires"": 0, ""triangles_affected"": 0}",0.0,0,diversity_curves_l2,0.0,0.0,0.0,0.004936441000609193,0.0082550048828125,success,
stochastic_block_model,"{""edge_probability"": 0.1, ""family"": ""stochastic_block_model"", ""m"": 2, ""num_blocks"": 4, ""num_graphs"": 5, ""num_nodes"": 8, ""p_in"": 0.28, ""p_out"": 0.04, ""seed"": 0}",edge_addition_deletion,"{""alpha"": 0.5, ""edges_added"": 3, ""edges_removed"": 1, ""graphs"": 5, ""graphs_skipped"": 0, ""graphs_success"": 5, ""method"": ""edge_addition_deletion"", ""rewires"": 0, ""triangles_affected"": 0}",0.5,0,structural_statistics_mmd,0.002012137399759917,0.5002040400003314,0.5837428503131067,0.003042750002350658,0.00473785400390625,success,
stochastic_block_model,"{""edge_probability"": 0.1, ""family"": ""stochastic_block_model"", ""m"": 2, ""num_blocks"": 4, ""num_graphs"": 5, ""num_nodes"": 8, ""p_in"": 0.28, ""p_out"": 0.04, ""seed"": 0}",edge_addition_deletion,"{""alpha"": 0.5, ""edges_added"": 3, ""edges_removed"": 1, ""graphs"": 5, ""graphs_skipped"": 0, ""graphs_success"": 5, ""method"": ""edge_addition_deletion"", ""rewires"": 0, ""triangles_affected"": 0}",0.5,0,wl_subtree_kernel_mmd,2.7200000000000024,1.649242250247065,2.0396078054371136,0.00466705700091552,0.014804840087890625,success,
stochastic_block_model,"{""edge_probability"": 0.1, ""family"": ""stochastic_block_model"", ""m"": 2, ""num_blocks"": 4, ""num_graphs"": 5, ""num_nodes"": 8, ""p_in"": 0.28, ""p_out"": 0.04, ""seed"": 0}",edge_addition_deletion,"{""alpha"": 0.5, ""edges_added"": 3, ""edges_removed"": 1, ""graphs"": 5, ""graphs_skipped"": 0, ""graphs_success"": 5, ""method"": ""edge_addition_deletion"", ""rewires"": 0, ""triangles_affected"": 0}",0.5,0,netlsd_spectral_signatures,0.0034774353957851556,0.5878750187401683,0.6746126131912675,0.010865427997487132,0.00635528564453125,success,
stochastic_block_model,"{""edge_probability"": 0.1, ""family"": ""stochastic_block_model"", ""m"": 2, ""num_blocks"": 4, ""num_graphs"": 5, ""num_nodes"": 8, ""p_in"": 0.28, ""p_out"": 0.04, ""seed"": 0}",edge_addition_deletion,"{""alpha"": 0.5, ""edges_added"": 3, ""edges_removed"": 1, ""graphs"": 5, ""graphs_skipped"": 0, ""graphs_success"": 5, ""method"": ""edge_addition_deletion"", ""rewires"": 0, ""triangles_affected"": 0}",0.5,0,diversity_curves_l2,0.08220591523728693,0.08220591523728693,0.1465305962800374,0.005180396998184733,0.0091705322265625,success,
stochastic_block_model,"{""edge_probability"": 0.1, ""family"": ""stochastic_block_model"", ""m"": 2, ""num_blocks"": 4, ""num_graphs"": 5, ""num_nodes"": 8, ""p_in"": 0.28, ""p_out"": 0.04, ""seed"": 0}",edge_addition_deletion,"{""alpha"": 1.0, ""edges_added"": 7, ""edges_removed"": 4, ""graphs"": 5, ""graphs_skipped"": 0, ""graphs_success"": 5, ""method"": ""edge_addition_deletion"", ""rewires"": 0, ""triangles_affected"": 0}",1.0,0,structural_statistics_mmd,0.005491096861333533,0.8976478617328003,1.0046041386943578,0.002237154003523756,0.00470733642578125,success,
stochastic_block_model,"{""edge_probability"": 0.1, ""family"": ""stochastic_block_model"", ""m"": 2, ""num_blocks"": 4, ""num_graphs"": 5, ""num_nodes"": 8, ""p_in"": 0.28, ""p_out"": 0.04, ""seed"": 0}",edge_addition_deletion,"{""alpha"": 1.0, ""edges_added"": 7, ""edges_removed"": 4, ""graphs"": 5, ""graphs_skipped"": 0, ""graphs_success"": 5, ""method"": ""edge_addition_deletion"", ""rewires"": 0, ""triangles_affected"": 0}",1.0,0,wl_subtree_kernel_mmd,6.240000000000002,2.4979991993593598,3.3696724949885364,0.004357026999059599,0.015680313110351562,success,
stochastic_block_model,"{""edge_probability"": 0.1, ""family"": ""stochastic_block_model"", ""m"": 2, ""num_blocks"": 4, ""num_graphs"": 5, ""num_nodes"": 8, ""p_in"": 0.28, ""p_out"": 0.04, ""seed"": 0}",edge_addition_deletion,"{""alpha"": 1.0, ""edges_added"": 7, ""edges_removed"": 4, ""graphs"": 5, ""graphs_skipped"": 0, ""graphs_success"": 5, ""method"": ""edge_addition_deletion"", ""rewires"": 0, ""triangles_affected"": 0}",1.0,0,netlsd_spectral_signatures,0.012566546917211374,1.6458670946837295,1.7209082615040725,0.01738927800033707,0.00640106201171875,success,
stochastic_block_model,"{""edge_probability"": 0.1, ""family"": ""stochastic_block_model"", ""m"": 2, ""num_blocks"": 4, ""num_graphs"": 5, ""num_nodes"": 8, ""p_in"": 0.28, ""p_out"": 0.04, ""seed"": 0}",edge_addition_deletion,"{""alpha"": 1.0, ""edges_added"": 7, ""edges_removed"": 4, ""graphs"": 5, ""graphs_skipped"": 0, ""graphs_success"": 5, ""method"": ""edge_addition_deletion"", ""rewires"": 0, ""triangles_affected"": 0}",1.0,0,diversity_curves_l2,0.11924240017711824,0.11924240017711824,0.17102851939055302,0.005097212000691798,0.0092315673828125,success,
stochastic_block_model,"{""edge_probability"": 0.1, ""family"": ""stochastic_block_model"", ""m"": 2, ""num_blocks"": 4, ""num_graphs"": 5, ""num_nodes"": 8, ""p_in"": 0.28, ""p_out"": 0.04, ""seed"": 0}",triangle_injection_removal,"{""alpha"": 0.0, ""edges_added"": 0, ""edges_removed"": 0, ""graphs"": 5, ""graphs_skipped"": 0, ""graphs_success"": 5, ""method"": ""triangle_injection_removal"", ""rewires"": 0, ""triangles_affected"": 0}",0.0,0,structural_statistics_mmd,0.0,0.0,0.0,0.0022100930000306107,0.0047149658203125,success,
stochastic_block_model,"{""edge_probability"": 0.1, ""family"": ""stochastic_block_model"", ""m"": 2, ""num_blocks"": 4, ""num_graphs"": 5, ""num_nodes"": 8, ""p_in"": 0.28, ""p_out"": 0.04, ""seed"": 0}",triangle_injection_removal,"{""alpha"": 0.0, ""edges_added"": 0, ""edges_removed"": 0, ""graphs"": 5, ""graphs_skipped"": 0, ""graphs_success"": 5, ""method"": ""triangle_injection_removal"", ""rewires"": 0, ""triangles_affected"": 0}",0.0,0,wl_subtree_kernel_mmd,0.0,0.0,0.0,0.0042773589957505465,0.015073776245117188,success,
stochastic_block_model,"{""edge_probability"": 0.1, ""family"": ""stochastic_block_model"", ""m"": 2, ""num_blocks"": 4, ""num_graphs"": 5, ""num_nodes"": 8, ""p_in"": 0.28, ""p_out"": 0.04, ""seed"": 0}",triangle_injection_removal,"{""alpha"": 0.0, ""edges_added"": 0, ""edges_removed"": 0, ""graphs"": 5, ""graphs_skipped"": 0, ""graphs_success"": 5, ""method"": ""triangle_injection_removal"", ""rewires"": 0, ""triangles_affected"": 0}",0.0,0,netlsd_spectral_signatures,0.0,0.0,0.0,0.011117920999822672,0.00628662109375,success,
stochastic_block_model,"{""edge_probability"": 0.1, ""family"": ""stochastic_block_model"", ""m"": 2, ""num_blocks"": 4, ""num_graphs"": 5, ""num_nodes"": 8, ""p_in"": 0.28, ""p_out"": 0.04, ""seed"": 0}",triangle_injection_removal,"{""alpha"": 0.0, ""edges_added"": 0, ""edges_removed"": 0, ""graphs"": 5, ""graphs_skipped"": 0, ""graphs_success"": 5, ""method"": ""triangle_injection_removal"", ""rewires"": 0, ""triangles_affected"": 0}",0.0,0,diversity_curves_l2,0.0,0.0,0.0,0.006005600000207778,0.0082550048828125,success,
stochastic_block_model,"{""edge_probability"": 0.1, ""family"": ""stochastic_block_model"", ""m"": 2, ""num_blocks"": 4, ""num_graphs"": 5, ""num_nodes"": 8, ""p_in"": 0.28, ""p_out"": 0.04, ""seed"": 0}",triangle_injection_removal,"{""alpha"": 0.5, ""edges_added"": 3, ""edges_removed"": 1, ""graphs"": 5, ""graphs_skipped"": 0, ""graphs_success"": 5, ""method"": ""triangle_injection_removal"", ""rewires"": 0, ""triangles_affected"": 4}",0.5,0,structural_statistics_mmd,0.0037560976517116984,0.658924500864995,0.6724728802889635,0.0022476130034192465,0.00473785400390625,success,
stochastic_block_model,"{""edge_probability"": 0.1, ""family"": ""stochastic_block_model"", ""m"": 2, ""num_blocks"": 4, ""num_graphs"": 5, ""num_nodes"": 8, ""p_in"": 0.28, ""p_out"": 0.04, ""seed"": 0}",triangle_injection_removal,"{""alpha"": 0.5, ""edges_added"": 3, ""edges_removed"": 1, ""graphs"": 5, ""graphs_skipped"": 0, ""graphs_success"": 5, ""method"": ""triangle_injection_removal"", ""rewires"": 0, ""triangles_affected"": 4}",0.5,0,wl_subtree_kernel_mmd,1.5200000000000005,1.2328828005937955,1.768135380073345,0.00417349499912234,0.01419830322265625,success,
stochastic_block_model,"{""edge_probability"": 0.1, ""family"": ""stochastic_block_model"", ""m"": 2, ""num_blocks"": 4, ""num_graphs"": 5, ""num_nodes"": 8, ""p_in"": 0.28, ""p_out"": 0.04, ""seed"": 0}",triangle_injection_removal,"{""alpha"": 0.5, ""edges_added"": 3, ""edges_removed"": 1, ""graphs"": 5, ""graphs_skipped"": 0, ""graphs_success"": 5, ""method"": ""triangle_injection_removal"", ""rewires"": 0, ""triangles_affected"": 4}",0.5,0,netlsd_spectral_signatures,2.1133400457840068e-05,0.054316878089083795,0.05618371321671496,0.010311001999070868,0.00635528564453125,success,
stochastic_block_model,"{""edge_probability"": 0.1, ""family"": ""stochastic_block_model"", ""m"": 2, ""num_blocks"": 4, ""num_graphs"": 5, ""num_nodes"": 8, ""p_in"": 0.28, ""p_out"": 0.04, ""seed"": 0}",triangle_injection_removal,"{""alpha"": 0.5, ""edges_added"": 3, ""edges_removed"": 1, ""graphs"": 5, ""graphs_skipped"": 0, ""graphs_success"": 5, ""method"": ""triangle_injection_removal"", ""rewires"": 0, ""triangles_affected"": 4}",0.5,0,diversity_curves_l2,0.10476909133900128,0.10476909133900128,0.11371470565679968,0.005069700004241895,0.0084991455078125,success,
stochastic_block_model,"{""edge_probability"": 0.1, ""family"": ""stochastic_block_model"", ""m"": 2, ""num_blocks"": 4, ""num_graphs"": 5, ""num_nodes"": 8, ""p_in"": 0.28, ""p_out"": 0.04, ""seed"": 0}",triangle_injection_removal,"{""alpha"": 1.0, ""edges_added"": 5, ""edges_removed"": 4, ""graphs"": 5, ""graphs_skipped"": 0, ""graphs_success"": 5, ""method"": ""triangle_injection_removal"", ""rewires"": 0, ""triangles_affected"": 9}",1.0,0,structural_statistics_mmd,0.0008955247693285262,0.3000957797432903,0.3000957797432905,0.002276798004459124,0.00473785400390625,success,
stochastic_block_model,"{""edge_probability"": 0.1, ""family"": ""stochastic_block_model"", ""m"": 2, ""num_blocks"": 4, ""num_graphs"": 5, ""num_nodes"": 8, ""p_in"": 0.28, ""p_out"": 0.04, ""seed"": 0}",triangle_injection_removal,"{""alpha"": 1.0, ""edges_added"": 5, ""edges_removed"": 4, ""graphs"": 5, ""graphs_skipped"": 0, ""graphs_success"": 5, ""method"": ""triangle_injection_removal"", ""rewires"": 0, ""triangles_affected"": 9}",1.0,0,wl_subtree_kernel_mmd,0.5599999999999999,0.7483314773547882,0.7483314773547882,0.0043583700025919825,0.014594078063964844,success,
stochastic_block_model,"{""edge_probability"": 0.1, ""family"": ""stochastic_block_model"", ""m"": 2, ""num_blocks"": 4, ""num_graphs"": 5, ""num_nodes"": 8, ""p_in"": 0.28, ""p_out"": 0.04, ""seed"": 0}",triangle_injection_removal,"{""alpha"": 1.0, ""edges_added"": 5, ""edges_removed"": 4, ""graphs"": 5, ""graphs_skipped"": 0, ""graphs_success"": 5, ""method"": ""triangle_injection_removal"", ""rewires"": 0, ""triangles_affected"": 9}",1.0,0,netlsd_spectral_signatures,2.5800884702942284e-05,0.050798667435905664,0.05079866743590875,0.009987807003199123,0.00628662109375,success,
stochastic_block_model,"{""edge_probability"": 0.1, ""family"": ""stochastic_block_model"", ""m"": 2, ""num_blocks"": 4, ""num_graphs"": 5, ""num_nodes"": 8, ""p_in"": 0.28, ""p_out"": 0.04, ""seed"": 0}",triangle_injection_removal,"{""alpha"": 1.0, ""edges_added"": 5, ""edges_removed"": 4, ""graphs"": 5, ""graphs_skipped"": 0, ""graphs_success"": 5, ""method"": ""triangle_injection_removal"", ""rewires"": 0, ""triangles_affected"": 9}",1.0,0,diversity_curves_l2,0.07654655446197431,0.07654655446197431,0.07654655446197431,0.005457806000777055,0.0084991455078125,success,
stochastic_block_model,"{""edge_probability"": 0.1, ""family"": ""stochastic_block_model"", ""m"": 2, ""num_blocks"": 4, ""num_graphs"": 5, ""num_nodes"": 8, ""p_in"": 0.28, ""p_out"": 0.04, ""seed"": 0}",community_weakening,"{""alpha"": 0.0, ""edges_added"": 0, ""edges_removed"": 0, ""graphs"": 5, ""graphs_skipped"": 0, ""graphs_success"": 5, ""method"": ""community_weakening"", ""rewires"": 0, ""triangles_affected"": 0}",0.0,0,structural_statistics_mmd,0.0,0.0,0.0,0.002681254001799971,0.0047149658203125,success,
stochastic_block_model,"{""edge_probability"": 0.1, ""family"": ""stochastic_block_model"", ""m"": 2, ""num_blocks"": 4, ""num_graphs"": 5, ""num_nodes"": 8, ""p_in"": 0.28, ""p_out"": 0.04, ""seed"": 0}",community_weakening,"{""alpha"": 0.0, ""edges_added"": 0, ""edges_removed"": 0, ""graphs"": 5, ""graphs_skipped"": 0, ""graphs_success"": 5, ""method"": ""community_weakening"", ""rewires"": 0, ""triangles_affected"": 0}",0.0,0,wl_subtree_kernel_mmd,0.0,0.0,0.0,0.005609990999801084,0.015073776245117188,success,
stochastic_block_model,"{""edge_probability"": 0.1, ""family"": ""stochastic_block_model"", ""m"": 2, ""num_blocks"": 4, ""num_graphs"": 5, ""num_nodes"": 8, ""p_in"": 0.28, ""p_out"": 0.04, ""seed"": 0}",community_weakening,"{""alpha"": 0.0, ""edges_added"": 0, ""edges_removed"": 0, ""graphs"": 5, ""graphs_skipped"": 0, ""graphs_success"": 5, ""method"": ""community_weakening"", ""rewires"": 0, ""triangles_affected"": 0}",0.0,0,netlsd_spectral_signatures,0.0,0.0,0.0,0.011496928993437905,0.00628662109375,success,
stochastic_block_model,"{""edge_probability"": 0.1, ""family"": ""stochastic_block_model"", ""m"": 2, ""num_blocks"": 4, ""num_graphs"": 5, ""num_nodes"": 8, ""p_in"": 0.28, ""p_out"": 0.04, ""seed"": 0}",community_weakening,"{""alpha"": 0.0, ""edges_added"": 0, ""edges_removed"": 0, ""graphs"": 5, ""graphs_skipped"": 0, ""graphs_success"": 5, ""method"": ""community_weakening"", ""rewires"": 0, ""triangles_affected"": 0}",0.0,0,diversity_curves_l2,0.0,0.0,0.0,0.005045835998316761,0.0082550048828125,success,
stochastic_block_model,"{""edge_probability"": 0.1, ""family"": ""stochastic_block_model"", ""m"": 2, ""num_blocks"": 4, ""num_graphs"": 5, ""num_nodes"": 8, ""p_in"": 0.28, ""p_out"": 0.04, ""seed"": 0}",community_weakening,"{""alpha"": 0.5, ""edges_added"": 2, ""edges_removed"": 2, ""graphs"": 5, ""graphs_skipped"": 0, ""graphs_success"": 5, ""method"": ""community_weakening"", ""rewires"": 2, ""triangles_affected"": 0}",0.5,0,structural_statistics_mmd,2.499609415695936e-05,0.04999999999999999,0.05,0.002290272997925058,0.00473785400390625,success,
stochastic_block_model,"{""edge_probability"": 0.1, ""family"": ""stochastic_block_model"", ""m"": 2, ""num_blocks"": 4, ""num_graphs"": 5, ""num_nodes"": 8, ""p_in"": 0.28, ""p_out"": 0.04, ""seed"": 0}",community_weakening,"{""alpha"": 0.5, ""edges_added"": 2, ""edges_removed"": 2, ""graphs"": 5, ""graphs_skipped"": 0, ""graphs_success"": 5, ""method"": ""community_weakening"", ""rewires"": 2, ""triangles_affected"": 0}",0.5,0,wl_subtree_kernel_mmd,0.7200000000000004,0.8485281374238572,0.8485281374238569,0.004550289006147068,0.014720916748046875,success,
stochastic_block_model,"{""edge_probability"": 0.1, ""family"": ""stochastic_block_model"", ""m"": 2, ""num_blocks"": 4, ""num_graphs"": 5, ""num_nodes"": 8, ""p_in"": 0.28, ""p_out"": 0.04, ""seed"": 0}",community_weakening,"{""alpha"": 0.5, ""edges_added"": 2, ""edges_removed"": 2, ""graphs"": 5, ""graphs_skipped"": 0, ""graphs_success"": 5, ""method"": ""community_weakening"", ""rewires"": 2, ""triangles_affected"": 0}",0.5,0,netlsd_spectral_signatures,0.00011217255995799036,0.10594870235980054,0.10594870235979972,0.015413863999128807,0.00628662109375,success,
stochastic_block_model,"{""edge_probability"": 0.1, ""family"": ""stochastic_block_model"", ""m"": 2, ""num_blocks"": 4, ""num_graphs"": 5, ""num_nodes"": 8, ""p_in"": 0.28, ""p_out"": 0.04, ""seed"": 0}",community_weakening,"{""alpha"": 0.5, ""edges_added"": 2, ""edges_removed"": 2, ""graphs"": 5, ""graphs_skipped"": 0, ""graphs_success"": 5, ""method"": ""community_weakening"", ""rewires"": 2, ""triangles_affected"": 0}",0.5,0,diversity_curves_l2,0.0596212000885591,0.0596212000885591,0.059621200088559104,0.005244577994744759,0.0089874267578125,success,
stochastic_block_model,"{""edge_probability"": 0.1, ""family"": ""stochastic_block_model"", ""m"": 2, ""num_blocks"": 4, ""num_graphs"": 5, ""num_nodes"": 8, ""p_in"": 0.28, ""p_out"": 0.04, ""seed"": 0}",community_weakening,"{""alpha"": 1.0, ""edges_added"": 6, ""edges_removed"": 6, ""graphs"": 5, ""graphs_skipped"": 0, ""graphs_success"": 5, ""method"": ""community_weakening"", ""rewires"": 6, ""triangles_affected"": 0}",1.0,0,structural_statistics_mmd,0.00039900166458539665,0.20000000000000018,0.2,0.0022876780058140866,0.00473785400390625,success,
stochastic_block_model,"{""edge_probability"": 0.1, ""family"": ""stochastic_block_model"", ""m"": 2, ""num_blocks"": 4, ""num_graphs"": 5, ""num_nodes"": 8, ""p_in"": 0.28, ""p_out"": 0.04, ""seed"": 0}",community_weakening,"{""alpha"": 1.0, ""edges_added"": 6, ""edges_removed"": 6, ""graphs"": 5, ""graphs_skipped"": 0, ""graphs_success"": 5, ""method"": ""community_weakening"", ""rewires"": 6, ""triangles_affected"": 0}",1.0,0,wl_subtree_kernel_mmd,0.48,0.6928203230275509,0.6928203230275509,0.004358289996162057,0.014594078063964844,success,
stochastic_block_model,"{""edge_probability"": 0.1, ""family"": ""stochastic_block_model"", ""m"": 2, ""num_blocks"": 4, ""num_graphs"": 5, ""num_nodes"": 8, ""p_in"": 0.28, ""p_out"": 0.04, ""seed"": 0}",community_weakening,"{""alpha"": 1.0, ""edges_added"": 6, ""edges_removed"": 6, ""graphs"": 5, ""graphs_skipped"": 0, ""graphs_success"": 5, ""method"": ""community_weakening"", ""rewires"": 6, ""triangles_affected"": 0}",1.0,0,netlsd_spectral_signatures,0.0018610982884412763,0.4339456236824952,0.43394562368249606,0.017368938999425154,0.00635528564453125,success,
stochastic_block_model,"{""edge_probability"": 0.1, ""family"": ""stochastic_block_model"", ""m"": 2, ""num_blocks"": 4, ""num_graphs"": 5, ""num_nodes"": 8, ""p_in"": 0.28, ""p_out"": 0.04, ""seed"": 0}",community_weakening,"{""alpha"": 1.0, ""edges_added"": 6, ""edges_removed"": 6, ""graphs"": 5, ""graphs_skipped"": 0, ""graphs_success"": 5, ""method"": ""community_weakening"", ""rewires"": 6, ""triangles_affected"": 0}",1.0,0,diversity_curves_l2,0.09312290266094586,0.09312290266094586,0.09312290266094587,0.00520176700229058,0.0091552734375,success,
stochastic_block_model,"{""edge_probability"": 0.1, ""family"": ""stochastic_block_model"", ""m"": 2, ""num_blocks"": 4, ""num_graphs"": 5, ""num_nodes"": 8, ""p_in"": 0.28, ""p_out"": 0.04, ""seed"": 0}",hub_modification,"{""alpha"": 0.0, ""edges_added"": 0, ""edges_removed"": 0, ""graphs"": 5, ""graphs_skipped"": 0, ""graphs_success"": 5, ""method"": ""hub_modification"", ""rewires"": 0, ""triangles_affected"": 0}",0.0,0,structural_statistics_mmd,0.0,0.0,0.0,0.0023172430010163225,0.0047149658203125,success,
stochastic_block_model,"{""edge_probability"": 0.1, ""family"": ""stochastic_block_model"", ""m"": 2, ""num_blocks"": 4, ""num_graphs"": 5, ""num_nodes"": 8, ""p_in"": 0.28, ""p_out"": 0.04, ""seed"": 0}",hub_modification,"{""alpha"": 0.0, ""edges_added"": 0, ""edges_removed"": 0, ""graphs"": 5, ""graphs_skipped"": 0, ""graphs_success"": 5, ""method"": ""hub_modification"", ""rewires"": 0, ""triangles_affected"": 0}",0.0,0,wl_subtree_kernel_mmd,0.0,0.0,0.0,0.004614379002305213,0.015073776245117188,success,
stochastic_block_model,"{""edge_probability"": 0.1, ""family"": ""stochastic_block_model"", ""m"": 2, ""num_blocks"": 4, ""num_graphs"": 5, ""num_nodes"": 8, ""p_in"": 0.28, ""p_out"": 0.04, ""seed"": 0}",hub_modification,"{""alpha"": 0.0, ""edges_added"": 0, ""edges_removed"": 0, ""graphs"": 5, ""graphs_skipped"": 0, ""graphs_success"": 5, ""method"": ""hub_modification"", ""rewires"": 0, ""triangles_affected"": 0}",0.0,0,netlsd_spectral_signatures,0.0,0.0,0.0,0.011237042999709956,0.00628662109375,success,
stochastic_block_model,"{""edge_probability"": 0.1, ""family"": ""stochastic_block_model"", ""m"": 2, ""num_blocks"": 4, ""num_graphs"": 5, ""num_nodes"": 8, ""p_in"": 0.28, ""p_out"": 0.04, ""seed"": 0}",hub_modification,"{""alpha"": 0.0, ""edges_added"": 0, ""edges_removed"": 0, ""graphs"": 5, ""graphs_skipped"": 0, ""graphs_success"": 5, ""method"": ""hub_modification"", ""rewires"": 0, ""triangles_affected"": 0}",0.0,0,diversity_curves_l2,0.0,0.0,0.0,0.005161221000889782,0.0082550048828125,success,
stochastic_block_model,"{""edge_probability"": 0.1, ""family"": ""stochastic_block_model"", ""m"": 2, ""num_blocks"": 4, ""num_graphs"": 5, ""num_nodes"": 8, ""p_in"": 0.28, ""p_out"": 0.04, ""seed"": 0}",hub_modification,"{""alpha"": 0.5, ""edges_added"": 4, ""edges_removed"": 4, ""graphs"": 5, ""graphs_skipped"": 0, ""graphs_success"": 5, ""method"": ""hub_modification"", ""rewires"": 4, ""triangles_affected"": 0}",0.5,0,structural_statistics_mmd,0.0004970605027434516,0.2232960167829044,0.2232960167829044,0.0023408080014633015,0.00473785400390625,success,
stochastic_block_model,"{""edge_probability"": 0.1, ""family"": ""stochastic_block_model"", ""m"": 2, ""num_blocks"": 4, ""num_graphs"": 5, ""num_nodes"": 8, ""p_in"": 0.28, ""p_out"": 0.04, ""seed"": 0}",hub_modification,"{""alpha"": 0.5, ""edges_added"": 4, ""edges_removed"": 4, ""graphs"": 5, ""graphs_skipped"": 0, ""graphs_success"": 5, ""method"": ""hub_modification"", ""rewires"": 4, ""triangles_affected"": 0}",0.5,0,wl_subtree_kernel_mmd,0.48000000000000015,0.692820323027551,0.6928203230275509,0.004452084998774808,0.015553474426269531,success,
stochastic_block_model,"{""edge_probability"": 0.1, ""family"": ""stochastic_block_model"", ""m"": 2, ""num_blocks"": 4, ""num_graphs"": 5, ""num_nodes"": 8, ""p_in"": 0.28, ""p_out"": 0.04, ""seed"": 0}",hub_modification,"{""alpha"": 0.5, ""edges_added"": 4, ""edges_removed"": 4, ""graphs"": 5, ""graphs_skipped"": 0, ""graphs_success"": 5, ""method"": ""hub_modification"", ""rewires"": 4, ""triangles_affected"": 0}",0.5,0,netlsd_spectral_signatures,6.421126808042743e-08,0.002533994747351588,0.002533994747351743,0.013439681999443565,0.00628662109375,success,
stochastic_block_model,"{""edge_probability"": 0.1, ""family"": ""stochastic_block_model"", ""m"": 2, ""num_blocks"": 4, ""num_graphs"": 5, ""num_nodes"": 8, ""p_in"": 0.28, ""p_out"": 0.04, ""seed"": 0}",hub_modification,"{""alpha"": 0.5, ""edges_added"": 4, ""edges_removed"": 4, ""graphs"": 5, ""graphs_skipped"": 0, ""graphs_success"": 5, ""method"": ""hub_modification"", ""rewires"": 4, ""triangles_affected"": 0}",0.5,0,diversity_curves_l2,0.043301270189221974,0.043301270189221974,0.04330127018922193,0.005173683995963074,0.0082550048828125,success,
stochastic_block_model,"{""edge_probability"": 0.1, ""family"": ""stochastic_block_model"", ""m"": 2, ""num_blocks"": 4, ""num_graphs"": 5, ""num_nodes"": 8, ""p_in"": 0.28, ""p_out"": 0.04, ""seed"": 0}",hub_modification,"{""alpha"": 1.0, ""edges_added"": 7, ""edges_removed"": 7, ""graphs"": 5, ""graphs_skipped"": 0, ""graphs_success"": 5, ""method"": ""hub_modification"", ""rewires"": 7, ""triangles_affected"": 0}",1.0,0,structural_statistics_mmd,0.0004970605027434516,0.2232960167829044,0.2232960167829044,0.0023488619990530424,0.00473785400390625,success,
stochastic_block_model,"{""edge_probability"": 0.1, ""family"": ""stochastic_block_model"", ""m"": 2, ""num_blocks"": 4, ""num_graphs"": 5, ""num_nodes"": 8, ""p_in"": 0.28, ""p_out"": 0.04, ""seed"": 0}",hub_modification,"{""alpha"": 1.0, ""edges_added"": 7, ""edges_removed"": 7, ""graphs"": 5, ""graphs_skipped"": 0, ""graphs_success"": 5, ""method"": ""hub_modification"", ""rewires"": 7, ""triangles_affected"": 0}",1.0,0,wl_subtree_kernel_mmd,0.48000000000000015,0.692820323027551,0.6928203230275509,0.004485377998207696,0.015553474426269531,success,
stochastic_block_model,"{""edge_probability"": 0.1, ""family"": ""stochastic_block_model"", ""m"": 2, ""num_blocks"": 4, ""num_graphs"": 5, ""num_nodes"": 8, ""p_in"": 0.28, ""p_out"": 0.04, ""seed"": 0}",hub_modification,"{""alpha"": 1.0, ""edges_added"": 7, ""edges_removed"": 7, ""graphs"": 5, ""graphs_skipped"": 0, ""graphs_success"": 5, ""method"": ""hub_modification"", ""rewires"": 7, ""triangles_affected"": 0}",1.0,0,netlsd_spectral_signatures,6.421126808042743e-08,0.002533994747351588,0.002533994747351743,0.012872161001723725,0.00628662109375,success,
stochastic_block_model,"{""edge_probability"": 0.1, ""family"": ""stochastic_block_model"", ""m"": 2, ""num_blocks"": 4, ""num_graphs"": 5, ""num_nodes"": 8, ""p_in"": 0.28, ""p_out"": 0.04, ""seed"": 0}",hub_modification,"{""alpha"": 1.0, ""edges_added"": 7, ""edges_removed"": 7, ""graphs"": 5, ""graphs_skipped"": 0, ""graphs_success"": 5, ""method"": ""hub_modification"", ""rewires"": 7, ""triangles_affected"": 0}",1.0,0,diversity_curves_l2,0.043301270189221974,0.043301270189221974,0.04330127018922193,0.0050303370007895865,0.0082550048828125,success,
barabasi_albert,"{""edge_probability"": 0.1, ""family"": ""barabasi_albert"", ""m"": 2, ""num_blocks"": 3, ""num_graphs"": 5, ""num_nodes"": 8, ""p_in"": 0.25, ""p_out"": 0.03, ""seed"": 0}",edge_addition_deletion,"{""alpha"": 0.0, ""edges_added"": 0, ""edges_removed"": 0, ""graphs"": 5, ""graphs_skipped"": 0, ""graphs_success"": 5, ""method"": ""edge_addition_deletion"", ""rewires"": 0, ""triangles_affected"": 0}",0.0,0,structural_statistics_mmd,0.0,0.0,0.0,0.004228366997267585,0.0033721923828125,success,
barabasi_albert,"{""edge_probability"": 0.1, ""family"": ""barabasi_albert"", ""m"": 2, ""num_blocks"": 3, ""num_graphs"": 5, ""num_nodes"": 8, ""p_in"": 0.25, ""p_out"": 0.03, ""seed"": 0}",edge_addition_deletion,"{""alpha"": 0.0, ""edges_added"": 0, ""edges_removed"": 0, ""graphs"": 5, ""graphs_skipped"": 0, ""graphs_success"": 5, ""method"": ""edge_addition_deletion"", ""rewires"": 0, ""triangles_affected"": 0}",0.0,0,wl_subtree_kernel_mmd,0.0,0.0,0.0,0.006154529000923503,0.026935577392578125,success,
barabasi_albert,"{""edge_probability"": 0.1, ""family"": ""barabasi_albert"", ""m"": 2, ""num_blocks"": 3, ""num_graphs"": 5, ""num_nodes"": 8, ""p_in"": 0.25, ""p_out"": 0.03, ""seed"": 0}",edge_addition_deletion,"{""alpha"": 0.0, ""edges_added"": 0, ""edges_removed"": 0, ""graphs"": 5, ""graphs_skipped"": 0, ""graphs_success"": 5, ""method"": ""edge_addition_deletion"", ""rewires"": 0, ""triangles_affected"": 0}",0.0,0,netlsd_spectral_signatures,0.0,0.0,0.0,0.08170031800545985,0.00681304931640625,success,
barabasi_albert,"{""edge_probability"": 0.1, ""family"": ""barabasi_albert"", ""m"": 2, ""num_blocks"": 3, ""num_graphs"": 5, ""num_nodes"": 8, ""p_in"": 0.25, ""p_out"": 0.03, ""seed"": 0}",edge_addition_deletion,"{""alpha"": 0.0, ""edges_added"": 0, ""edges_removed"": 0, ""graphs"": 5, ""graphs_skipped"": 0, ""graphs_success"": 5, ""method"": ""edge_addition_deletion"", ""rewires"": 0, ""triangles_affected"": 0}",0.0,0,diversity_curves_l2,0.0,0.0,0.0,0.007245929999044165,0.0121612548828125,success,
barabasi_albert,"{""edge_probability"": 0.1, ""family"": ""barabasi_albert"", ""m"": 2, ""num_blocks"": 3, ""num_graphs"": 5, ""num_nodes"": 8, ""p_in"": 0.25, ""p_out"": 0.03, ""seed"": 0}",edge_addition_deletion,"{""alpha"": 0.5, ""edges_added"": 15, ""edges_removed"": 15, ""graphs"": 5, ""graphs_skipped"": 0, ""graphs_success"": 5, ""method"": ""edge_addition_deletion"", ""rewires"": 0, ""triangles_affected"": 0}",0.5,0,structural_statistics_mmd,0.003718787612125407,0.6199763270182288,1.1330420566426416,0.004853015001572203,0.00339508056640625,success,
barabasi_albert,"{""edge_probability"": 0.1, ""family"": ""barabasi_albert"", ""m"": 2, ""num_blocks"": 3, ""num_graphs"": 5, ""num_nodes"": 8, ""p_in"": 0.25, ""p_out"": 0.03, ""seed"": 0}",edge_addition_deletion,"{""alpha"": 0.5, ""edges_added"": 15, ""edges_removed"": 15, ""graphs"": 5, ""graphs_skipped"": 0, ""graphs_success"": 5, ""method"": ""edge_addition_deletion"", ""rewires"": 0, ""triangles_affected"": 0}",0.5,0,wl_subtree_kernel_mmd,7.039999999999999,2.6532998322843198,3.771129973722897,0.006595612998353317,0.026719093322753906,success,
barabasi_albert,"{""edge_probability"": 0.1, ""family"": ""barabasi_albert"", ""m"": 2, ""num_blocks"": 3, ""num_graphs"": 5, ""num_nodes"": 8, ""p_in"": 0.25, ""p_out"": 0.03, ""seed"": 0}",edge_addition_deletion,"{""alpha"": 0.5, ""edges_added"": 15, ""edges_removed"": 15, ""graphs"": 5, ""graphs_skipped"": 0, ""graphs_success"": 5, ""method"": ""edge_addition_deletion"", ""rewires"": 0, ""triangles_affected"": 0}",0.5,0,netlsd_spectral_signatures,5.560206918220345e-06,0.023578428603013842,0.07175278839340764,0.08155021700076759,0.00681304931640625,success,
barabasi_albert,"{""edge_probability"": 0.1, ""family"": ""barabasi_albert"", ""m"": 2, ""num_blocks"": 3, ""num_graphs"": 5, ""num_nodes"": 8, ""p_in"": 0.25, ""p_out"": 0.03, ""seed"": 0}",edge_addition_deletion,"{""alpha"": 0.5, ""edges_added"": 15, ""edges_removed"": 15, ""graphs"": 5, ""graphs_skipped"": 0, ""graphs_success"": 5, ""method"": ""edge_addition_deletion"", ""rewires"": 0, ""triangles_affected"": 0}",0.5,0,diversity_curves_l2,0.14211021251127592,0.14211021251127592,0.2816689376292845,0.009007303997350391,0.012451171875,success,
barabasi_albert,"{""edge_probability"": 0.1, ""family"": ""barabasi_albert"", ""m"": 2, ""num_blocks"": 3, ""num_graphs"": 5, ""num_nodes"": 8, ""p_in"": 0.25, ""p_out"": 0.03, ""seed"": 0}",edge_addition_deletion,"{""alpha"": 1.0, ""edges_added"": 35, ""edges_removed"": 30, ""graphs"": 5, ""graphs_skipped"": 0, ""graphs_success"": 5, ""method"": ""edge_addition_deletion"", ""rewires"": 0, ""triangles_affected"": 0}",1.0,0,structural_statistics_mmd,0.06689430556664133,2.6231768782595966,2.6900916941947317,0.004331769996497314,0.00339508056640625,success,
barabasi_albert,"{""edge_probability"": 0.1, ""family"": ""barabasi_albert"", ""m"": 2, ""num_blocks"": 3, ""num_graphs"": 5, ""num_nodes"": 8, ""p_in"": 0.25, ""p_out"": 0.03, ""seed"": 0}",edge_addition_deletion,"{""alpha"": 1.0, ""edges_added"": 35, ""edges_removed"": 30, ""graphs"": 5, ""graphs_skipped"": 0, ""graphs_success"": 5, ""method"": ""edge_addition_deletion"", ""rewires"": 0, ""triangles_affected"": 0}",1.0,0,wl_subtree_kernel_mmd,7.44,2.727636339397171,4.049352989185495,0.007350846004555933,0.02658843994140625,success,
barabasi_albert,"{""edge_probability"": 0.1, ""family"": ""barabasi_albert"", ""m"": 2, ""num_blocks"": 3, ""num_graphs"": 5, ""num_nodes"": 8, ""p_in"": 0.25, ""p_out"": 0.03, ""seed"": 0}",edge_addition_deletion,"{""alpha"": 1.0, ""edges_added"": 35, ""edges_removed"": 30, ""graphs"": 5, ""graphs_skipped"": 0, ""graphs_success"": 5, ""method"": ""edge_addition_deletion"", ""rewires"": 0, ""triangles_affected"": 0}",1.0,0,netlsd_spectral_signatures,1.6691912871458214e-05,0.04085744258366316,0.08671867543836675,0.08565724700019928,0.006927490234375,success,
barabasi_albert,"{""edge_probability"": 0.1, ""family"": ""barabasi_albert"", ""m"": 2, ""num_blocks"": 3, ""num_graphs"": 5, ""num_nodes"": 8, ""p_in"": 0.25, ""p_out"": 0.03, ""seed"": 0}",edge_addition_deletion,"{""alpha"": 1.0, ""edges_added"": 35, ""edges_removed"": 30, ""graphs"": 5, ""graphs_skipped"": 0, ""graphs_success"": 5, ""method"": ""edge_addition_deletion"", ""rewires"": 0, ""triangles_affected"": 0}",1.0,0,diversity_curves_l2,0.12199513309964459,0.12199513309964459,0.19671337492258276,0.008218379000027198,0.01186370849609375,success,
barabasi_albert,"{""edge_probability"": 0.1, ""family"": ""barabasi_albert"", ""m"": 2, ""num_blocks"": 3, ""num_graphs"": 5, ""num_nodes"": 8, ""p_in"": 0.25, ""p_out"": 0.03, ""seed"": 0}",triangle_injection_removal,"{""alpha"": 0.0, ""edges_added"": 0, ""edges_removed"": 0, ""graphs"": 5, ""graphs_skipped"": 0, ""graphs_success"": 5, ""method"": ""triangle_injection_removal"", ""rewires"": 0, ""triangles_affected"": 0}",0.0,0,structural_statistics_mmd,0.0,0.0,0.0,0.004020508000394329,0.0033721923828125,success,
barabasi_albert,"{""edge_probability"": 0.1, ""family"": ""barabasi_albert"", ""m"": 2, ""num_blocks"": 3, ""num_graphs"": 5, ""num_nodes"": 8, ""p_in"": 0.25, ""p_out"": 0.03, ""seed"": 0}",triangle_injection_removal,"{""alpha"": 0.0, ""edges_added"": 0, ""edges_removed"": 0, ""graphs"": 5, ""graphs_skipped"": 0, ""graphs_success"": 5, ""method"": ""triangle_injection_removal"", ""rewires"": 0, ""triangles_affected"": 0}",0.0,0,wl_subtree_kernel_mmd,0.0,0.0,0.0,0.007207959002698772,0.026935577392578125,success,
barabasi_albert,"{""edge_probability"": 0.1, ""family"": ""barabasi_albert"", ""m"": 2, ""num_blocks"": 3, ""num_graphs"": 5, ""num_nodes"": 8, ""p_in"": 0.25, ""p_out"": 0.03, ""seed"": 0}",triangle_injection_removal,"{""alpha"": 0.0, ""edges_added"": 0, ""edges_removed"": 0, ""graphs"": 5, ""graphs_skipped"": 0, ""graphs_success"": 5, ""method"": ""triangle_injection_removal"", ""rewires"": 0, ""triangles_affected"": 0}",0.0,0,netlsd_spectral_signatures,0.0,0.0,0.0,0.07908383500034688,0.00681304931640625,success,
barabasi_albert,"{""edge_probability"": 0.1, ""family"": ""barabasi_albert"", ""m"": 2, ""num_blocks"": 3, ""num_graphs"": 5, ""num_nodes"": 8, ""p_in"": 0.25, ""p_out"": 0.03, ""seed"": 0}",triangle_injection_removal,"{""alpha"": 0.0, ""edges_added"": 0, ""edges_removed"": 0, ""graphs"": 5, ""graphs_skipped"": 0, ""graphs_success"": 5, ""method"": ""triangle_injection_removal"", ""rewires"": 0, ""triangles_affected"": 0}",0.0,0,diversity_curves_l2,0.0,0.0,0.0,0.0075736029975814745,0.0121612548828125,success,
barabasi_albert,"{""edge_probability"": 0.1, ""family"": ""barabasi_albert"", ""m"": 2, ""num_blocks"": 3, ""num_graphs"": 5, ""num_nodes"": 8, ""p_in"": 0.25, ""p_out"": 0.03, ""seed"": 0}",triangle_injection_removal,"{""alpha"": 0.5, ""edges_added"": 15, ""edges_removed"": 15, ""graphs"": 5, ""graphs_skipped"": 0, ""graphs_success"": 5, ""method"": ""triangle_injection_removal"", ""rewires"": 0, ""triangles_affected"": 30}",0.5,0,structural_statistics_mmd,0.0016251913557898678,0.3790241778131541,1.1806467790821766,0.0037488710004254244,0.0040435791015625,success,
barabasi_albert,"{""edge_probability"": 0.1, ""family"": ""barabasi_albert"", ""m"": 2, ""num_blocks"": 3, ""num_graphs"": 5, ""num_nodes"": 8, ""p_in"": 0.25, ""p_out"": 0.03, ""seed"": 0}",triangle_injection_removal,"{""alpha"": 0.5, ""edges_added"": 15, ""edges_removed"": 15, ""graphs"": 5, ""graphs_skipped"": 0, ""graphs_success"": 5, ""method"": ""triangle_injection_removal"", ""rewires"": 0, ""triangles_affected"": 30}",0.5,0,wl_subtree_kernel_mmd,6.24,2.4979991993593593,3.5590880966019265,0.0061959359954926185,0.02529144287109375,success,
barabasi_albert,"{""edge_probability"": 0.1, ""family"": ""barabasi_albert"", ""m"": 2, ""num_blocks"": 3, ""num_graphs"": 5, ""num_nodes"": 8, ""p_in"": 0.25, ""p_out"": 0.03, ""seed"": 0}",triangle_injection_removal,"{""alpha"": 0.5, ""edges_added"": 15, ""edges_removed"": 15, ""graphs"": 5, ""graphs_skipped"": 0, ""graphs_success"": 5, ""method"": ""triangle_injection_removal"", ""rewires"": 0, ""triangles_affected"": 30}",0.5,0,netlsd_spectral_signatures,0.003156637147595287,0.5673035200833902,0.5925957263262759,0.07709255200461484,0.00685882568359375,success,
barabasi_albert,"{""edge_probability"": 0.1, ""family"": ""barabasi_albert"", ""m"": 2, ""num_blocks"": 3, ""num_graphs"": 5, ""num_nodes"": 8, ""p_in"": 0.25, ""p_out"": 0.03, ""seed"": 0}",triangle_injection_removal,"{""alpha"": 0.5, ""edges_added"": 15, ""edges_removed"": 15, ""graphs"": 5, ""graphs_skipped"": 0, ""graphs_success"": 5, ""method"": ""triangle_injection_removal"", ""rewires"": 0, ""triangles_affected"": 30}",0.5,0,diversity_curves_l2,0.19545619713889864,0.19545619713889864,0.2722979819363779,0.007468055002391338,0.0124664306640625,success,
barabasi_albert,"{""edge_probability"": 0.1, ""family"": ""barabasi_albert"", ""m"": 2, ""num_blocks"": 3, ""num_graphs"": 5, ""num_nodes"": 8, ""p_in"": 0.25, ""p_out"": 0.03, ""seed"": 0}",triangle_injection_removal,"{""alpha"": 1.0, ""edges_added"": 35, ""edges_removed"": 30, ""graphs"": 5, ""graphs_skipped"": 0, ""graphs_success"": 5, ""method"": ""triangle_injection_removal"", ""rewires"": 0, ""triangles_affected"": 65}",1.0,0,structural_statistics_mmd,0.017748910487201508,1.3083459839269522,2.4113134419561826,0.003840320998278912,0.00339508056640625,success,
barabasi_albert,"{""edge_probability"": 0.1, ""family"": ""barabasi_albert"", ""m"": 2, ""num_blocks"": 3, ""num_graphs"": 5, ""num_nodes"": 8, ""p_in"": 0.25, ""p_out"": 0.03, ""seed"": 0}",triangle_injection_removal,"{""alpha"": 1.0, ""edges_added"": 35, ""edges_removed"": 30, ""graphs"": 5, ""graphs_skipped"": 0, ""graphs_success"": 5, ""method"": ""triangle_injection_removal"", ""rewires"": 0, ""triangles_affected"": 65}",1.0,0,wl_subtree_kernel_mmd,5.279999999999999,2.2978250586152114,3.735285700759138,0.006209642000612803,0.02655315399169922,success,
barabasi_albert,"{""edge_probability"": 0.1, ""family"": ""barabasi_albert"", ""m"": 2, ""num_blocks"": 3, ""num_graphs"": 5, ""num_nodes"": 8, ""p_in"": 0.25, ""p_out"": 0.03, ""seed"": 0}",triangle_injection_removal,"{""alpha"": 1.0, ""edges_added"": 35, ""edges_removed"": 30, ""graphs"": 5, ""graphs_skipped"": 0, ""graphs_success"": 5, ""method"": ""triangle_injection_removal"", ""rewires"": 0, ""triangles_affected"": 65}",1.0,0,netlsd_spectral_signatures,2.3571617921547272e-05,0.04855237775269005,0.05236910638429452,0.08106327700079419,0.00695037841796875,success,
barabasi_albert,"{""edge_probability"": 0.1, ""family"": ""barabasi_albert"", ""m"": 2, ""num_blocks"": 3, ""num_graphs"": 5, ""num_nodes"": 8, ""p_in"": 0.25, ""p_out"": 0.03, ""seed"": 0}",triangle_injection_removal,"{""alpha"": 1.0, ""edges_added"": 35, ""edges_removed"": 30, ""graphs"": 5, ""graphs_skipped"": 0, ""graphs_success"": 5, ""method"": ""triangle_injection_removal"", ""rewires"": 0, ""triangles_affected"": 65}",1.0,0,diversity_curves_l2,0.09621752698962914,0.09621752698962914,0.2475056819649463,0.007380011003988329,0.0126495361328125,success,
barabasi_albert,"{""edge_probability"": 0.1, ""family"": ""barabasi_albert"", ""m"": 2, ""num_blocks"": 3, ""num_graphs"": 5, ""num_nodes"": 8, ""p_in"": 0.25, ""p_out"": 0.03, ""seed"": 0}",community_weakening,"{""alpha"": 0.0, ""edges_added"": 0, ""edges_removed"": 0, ""graphs"": 5, ""graphs_skipped"": 5, ""graphs_success"": 0, ""method"": ""community_weakening"", ""rewires"": 0, ""triangles_affected"": 0}",0.0,0,structural_statistics_mmd,,,,0.0,,skipped,community_weakening requires community_labels metadata
barabasi_albert,"{""edge_probability"": 0.1, ""family"": ""barabasi_albert"", ""m"": 2, ""num_blocks"": 3, ""num_graphs"": 5, ""num_nodes"": 8, ""p_in"": 0.25, ""p_out"": 0.03, ""seed"": 0}",community_weakening,"{""alpha"": 0.0, ""edges_added"": 0, ""edges_removed"": 0, ""graphs"": 5, ""graphs_skipped"": 5, ""graphs_success"": 0, ""method"": ""community_weakening"", ""rewires"": 0, ""triangles_affected"": 0}",0.0,0,wl_subtree_kernel_mmd,,,,0.0,,skipped,community_weakening requires community_labels metadata
barabasi_albert,"{""edge_probability"": 0.1, ""family"": ""barabasi_albert"", ""m"": 2, ""num_blocks"": 3, ""num_graphs"": 5, ""num_nodes"": 8, ""p_in"": 0.25, ""p_out"": 0.03, ""seed"": 0}",community_weakening,"{""alpha"": 0.0, ""edges_added"": 0, ""edges_removed"": 0, ""graphs"": 5, ""graphs_skipped"": 5, ""graphs_success"": 0, ""method"": ""community_weakening"", ""rewires"": 0, ""triangles_affected"": 0}",0.0,0,netlsd_spectral_signatures,,,,0.0,,skipped,community_weakening requires community_labels metadata
barabasi_albert,"{""edge_probability"": 0.1, ""family"": ""barabasi_albert"", ""m"": 2, ""num_blocks"": 3, ""num_graphs"": 5, ""num_nodes"": 8, ""p_in"": 0.25, ""p_out"": 0.03, ""seed"": 0}",community_weakening,"{""alpha"": 0.0, ""edges_added"": 0, ""edges_removed"": 0, ""graphs"": 5, ""graphs_skipped"": 5, ""graphs_success"": 0, ""method"": ""community_weakening"", ""rewires"": 0, ""triangles_affected"": 0}",0.0,0,diversity_curves_l2,,,,0.0,,skipped,community_weakening requires community_labels metadata
barabasi_albert,"{""edge_probability"": 0.1, ""family"": ""barabasi_albert"", ""m"": 2, ""num_blocks"": 3, ""num_graphs"": 5, ""num_nodes"": 8, ""p_in"": 0.25, ""p_out"": 0.03, ""seed"": 0}",community_weakening,"{""alpha"": 0.5, ""edges_added"": 0, ""edges_removed"": 0, ""graphs"": 5, ""graphs_skipped"": 5, ""graphs_success"": 0, ""method"": ""community_weakening"", ""rewires"": 0, ""triangles_affected"": 0}",0.5,0,structural_statistics_mmd,,,,0.0,,skipped,community_weakening requires community_labels metadata
barabasi_albert,"{""edge_probability"": 0.1, ""family"": ""barabasi_albert"", ""m"": 2, ""num_blocks"": 3, ""num_graphs"": 5, ""num_nodes"": 8, ""p_in"": 0.25, ""p_out"": 0.03, ""seed"": 0}",community_weakening,"{""alpha"": 0.5, ""edges_added"": 0, ""edges_removed"": 0, ""graphs"": 5, ""graphs_skipped"": 5, ""graphs_success"": 0, ""method"": ""community_weakening"", ""rewires"": 0, ""triangles_affected"": 0}",0.5,0,wl_subtree_kernel_mmd,,,,0.0,,skipped,community_weakening requires community_labels metadata
barabasi_albert,"{""edge_probability"": 0.1, ""family"": ""barabasi_albert"", ""m"": 2, ""num_blocks"": 3, ""num_graphs"": 5, ""num_nodes"": 8, ""p_in"": 0.25, ""p_out"": 0.03, ""seed"": 0}",community_weakening,"{""alpha"": 0.5, ""edges_added"": 0, ""edges_removed"": 0, ""graphs"": 5, ""graphs_skipped"": 5, ""graphs_success"": 0, ""method"": ""community_weakening"", ""rewires"": 0, ""triangles_affected"": 0}",0.5,0,netlsd_spectral_signatures,,,,0.0,,skipped,community_weakening requires community_labels metadata
barabasi_albert,"{""edge_probability"": 0.1, ""family"": ""barabasi_albert"", ""m"": 2, ""num_blocks"": 3, ""num_graphs"": 5, ""num_nodes"": 8, ""p_in"": 0.25, ""p_out"": 0.03, ""seed"": 0}",community_weakening,"{""alpha"": 0.5, ""edges_added"": 0, ""edges_removed"": 0, ""graphs"": 5, ""graphs_skipped"": 5, ""graphs_success"": 0, ""method"": ""community_weakening"", ""rewires"": 0, ""triangles_affected"": 0}",0.5,0,diversity_curves_l2,,,,0.0,,skipped,community_weakening requires community_labels metadata
barabasi_albert,"{""edge_probability"": 0.1, ""family"": ""barabasi_albert"", ""m"": 2, ""num_blocks"": 3, ""num_graphs"": 5, ""num_nodes"": 8, ""p_in"": 0.25, ""p_out"": 0.03, ""seed"": 0}",community_weakening,"{""alpha"": 1.0, ""edges_added"": 0, ""edges_removed"": 0, ""graphs"": 5, ""graphs_skipped"": 5, ""graphs_success"": 0, ""method"": ""community_weakening"", ""rewires"": 0, ""triangles_affected"": 0}",1.0,0,structural_statistics_mmd,,,,0.0,,skipped,community_weakening requires community_labels metadata
barabasi_albert,"{""edge_probability"": 0.1, ""family"": ""barabasi_albert"", ""m"": 2, ""num_blocks"": 3, ""num_graphs"": 5, ""num_nodes"": 8, ""p_in"": 0.25, ""p_out"": 0.03, ""seed"": 0}",community_weakening,"{""alpha"": 1.0, ""edges_added"": 0, ""edges_removed"": 0, ""graphs"": 5, ""graphs_skipped"": 5, ""graphs_success"": 0, ""method"": ""community_weakening"", ""rewires"": 0, ""triangles_affected"": 0}",1.0,0,wl_subtree_kernel_mmd,,,,0.0,,skipped,community_weakening requires community_labels metadata
barabasi_albert,"{""edge_probability"": 0.1, ""family"": ""barabasi_albert"", ""m"": 2, ""num_blocks"": 3, ""num_graphs"": 5, ""num_nodes"": 8, ""p_in"": 0.25, ""p_out"": 0.03, ""seed"": 0}",community_weakening,"{""alpha"": 1.0, ""edges_added"": 0, ""edges_removed"": 0, ""graphs"": 5, ""graphs_skipped"": 5, ""graphs_success"": 0, ""method"": ""community_weakening"", ""rewires"": 0, ""triangles_affected"": 0}",1.0,0,netlsd_spectral_signatures,,,,0.0,,skipped,community_weakening requires community_labels metadata
barabasi_albert,"{""edge_probability"": 0.1, ""family"": ""barabasi_albert"", ""m"": 2, ""num_blocks"": 3, ""num_graphs"": 5, ""num_nodes"": 8, ""p_in"": 0.25, ""p_out"": 0.03, ""seed"": 0}",community_weakening,"{""alpha"": 1.0, ""edges_added"": 0, ""edges_removed"": 0, ""graphs"": 5, ""graphs_skipped"": 5, ""graphs_success"": 0, ""method"": ""community_weakening"", ""rewires"": 0, ""triangles_affected"": 0}",1.0,0,diversity_curves_l2,,,,0.0,,skipped,community_weakening requires community_labels metadata
barabasi_albert,"{""edge_probability"": 0.1, ""family"": ""barabasi_albert"", ""m"": 2, ""num_blocks"": 3, ""num_graphs"": 5, ""num_nodes"": 8, ""p_in"": 0.25, ""p_out"": 0.03, ""seed"": 0}",hub_modification,"{""alpha"": 0.0, ""edges_added"": 0, ""edges_removed"": 0, ""graphs"": 5, ""graphs_skipped"": 0, ""graphs_success"": 5, ""method"": ""hub_modification"", ""rewires"": 0, ""triangles_affected"": 0}",0.0,0,structural_statistics_mmd,0.0,0.0,0.0,0.0039018469979055226,0.0033721923828125,success,
barabasi_albert,"{""edge_probability"": 0.1, ""family"": ""barabasi_albert"", ""m"": 2, ""num_blocks"": 3, ""num_graphs"": 5, ""num_nodes"": 8, ""p_in"": 0.25, ""p_out"": 0.03, ""seed"": 0}",hub_modification,"{""alpha"": 0.0, ""edges_added"": 0, ""edges_removed"": 0, ""graphs"": 5, ""graphs_skipped"": 0, ""graphs_success"": 5, ""method"": ""hub_modification"", ""rewires"": 0, ""triangles_affected"": 0}",0.0,0,wl_subtree_kernel_mmd,0.0,0.0,0.0,0.0061914779944345355,0.026935577392578125,success,
barabasi_albert,"{""edge_probability"": 0.1, ""family"": ""barabasi_albert"", ""m"": 2, ""num_blocks"": 3, ""num_graphs"": 5, ""num_nodes"": 8, ""p_in"": 0.25, ""p_out"": 0.03, ""seed"": 0}",hub_modification,"{""alpha"": 0.0, ""edges_added"": 0, ""edges_removed"": 0, ""graphs"": 5, ""graphs_skipped"": 0, ""graphs_success"": 5, ""method"": ""hub_modification"", ""rewires"": 0, ""triangles_affected"": 0}",0.0,0,netlsd_spectral_signatures,0.0,0.0,0.0,0.0803907090012217,0.00681304931640625,success,
barabasi_albert,"{""edge_probability"": 0.1, ""family"": ""barabasi_albert"", ""m"": 2, ""num_blocks"": 3, ""num_graphs"": 5, ""num_nodes"": 8, ""p_in"": 0.25, ""p_out"": 0.03, ""seed"": 0}",hub_modification,"{""alpha"": 0.0, ""edges_added"": 0, ""edges_removed"": 0, ""graphs"": 5, ""graphs_skipped"": 0, ""graphs_success"": 5, ""method"": ""hub_modification"", ""rewires"": 0, ""triangles_affected"": 0}",0.0,0,diversity_curves_l2,0.0,0.0,0.0,0.008975673998065758,0.0121612548828125,success,
barabasi_albert,"{""edge_probability"": 0.1, ""family"": ""barabasi_albert"", ""m"": 2, ""num_blocks"": 3, ""num_graphs"": 5, ""num_nodes"": 8, ""p_in"": 0.25, ""p_out"": 0.03, ""seed"": 0}",hub_modification,"{""alpha"": 0.5, ""edges_added"": 27, ""edges_removed"": 27, ""graphs"": 5, ""graphs_skipped"": 0, ""graphs_success"": 5, ""method"": ""hub_modification"", ""rewires"": 27, ""triangles_affected"": 0}",0.5,0,structural_statistics_mmd,0.00043748719517444634,0.20924876917514598,0.32381525068679934,0.003975083003751934,0.00339508056640625,success,
barabasi_albert,"{""edge_probability"": 0.1, ""family"": ""barabasi_albert"", ""m"": 2, ""num_blocks"": 3, ""num_graphs"": 5, ""num_nodes"": 8, ""p_in"": 0.25, ""p_out"": 0.03, ""seed"": 0}",hub_modification,"{""alpha"": 0.5, ""edges_added"": 27, ""edges_removed"": 27, ""graphs"": 5, ""graphs_skipped"": 0, ""graphs_success"": 5, ""method"": ""hub_modification"", ""rewires"": 27, ""triangles_affected"": 0}",0.5,0,wl_subtree_kernel_mmd,3.999999999999999,1.9999999999999998,2.856646704959703,0.00811439399694791,0.026465415954589844,success,
barabasi_albert,"{""edge_probability"": 0.1, ""family"": ""barabasi_albert"", ""m"": 2, ""num_blocks"": 3, ""num_graphs"": 5, ""num_nodes"": 8, ""p_in"": 0.25, ""p_out"": 0.03, ""seed"": 0}",hub_modification,"{""alpha"": 0.5, ""edges_added"": 27, ""edges_removed"": 27, ""graphs"": 5, ""graphs_skipped"": 0, ""graphs_success"": 5, ""method"": ""hub_modification"", ""rewires"": 27, ""triangles_affected"": 0}",0.5,0,netlsd_spectral_signatures,3.7529668401869998e-06,0.01937346500147787,0.02055655094861602,0.07809029799682321,0.00685882568359375,success,
barabasi_albert,"{""edge_probability"": 0.1, ""family"": ""barabasi_albert"", ""m"": 2, ""num_blocks"": 3, ""num_graphs"": 5, ""num_nodes"": 8, ""p_in"": 0.25, ""p_out"": 0.03, ""seed"": 0}",hub_modification,"{""alpha"": 0.5, ""edges_added"": 27, ""edges_removed"": 27, ""graphs"": 5, ""graphs_skipped"": 0, ""graphs_success"": 5, ""method"": ""hub_modification"", ""rewires"": 27, ""triangles_affected"": 0}",0.5,0,diversity_curves_l2,0.13820840242184987,0.13820840242184987,0.17520512288792106,0.007269634006661363,0.0117950439453125,success,
barabasi_albert,"{""edge_probability"": 0.1, ""family"": ""barabasi_albert"", ""m"": 2, ""num_blocks"": 3, ""num_graphs"": 5, ""num_nodes"": 8, ""p_in"": 0.25, ""p_out"": 0.03, ""seed"": 0}",hub_modification,"{""alpha"": 1.0, ""edges_added"": 27, ""edges_removed"": 27, ""graphs"": 5, ""graphs_skipped"": 0, ""graphs_success"": 5, ""method"": ""hub_modification"", ""rewires"": 27, ""triangles_affected"": 0}",1.0,0,structural_statistics_mmd,0.00043748719517444634,0.20924876917514598,0.32381525068679934,0.0037195460026850924,0.00339508056640625,success,
barabasi_albert,"{""edge_probability"": 0.1, ""family"": ""barabasi_albert"", ""m"": 2, ""num_blocks"": 3, ""num_graphs"": 5, ""num_nodes"": 8, ""p_in"": 0.25, ""p_out"": 0.03, ""seed"": 0}",hub_modification,"{""alpha"": 1.0, ""edges_added"": 27, ""edges_removed"": 27, ""graphs"": 5, ""graphs_skipped"": 0, ""graphs_success"": 5, ""method"": ""hub_modification"", ""rewires"": 27, ""triangles_affected"": 0}",1.0,0,wl_subtree_kernel_mmd,3.999999999999999,1.9999999999999998,2.856646704959703,0.0061912370001664385,0.026465415954589844,success,
barabasi_albert,"{""edge_probability"": 0.1, ""family"": ""barabasi_albert"", ""m"": 2, ""num_blocks"": 3, ""num_graphs"": 5, ""num_nodes"": 8, ""p_in"": 0.25, ""p_out"": 0.03, ""seed"": 0}",hub_modification,"{""alpha"": 1.0, ""edges_added"": 27, ""edges_removed"": 27, ""graphs"": 5, ""graphs_skipped"": 0, ""graphs_success"": 5, ""method"": ""hub_modification"", ""rewires"": 27, ""triangles_affected"": 0}",1.0,0,netlsd_spectral_signatures,3.7529668401869998e-06,0.01937346500147787,0.02055655094861602,0.08000436699512647,0.00685882568359375,success,
barabasi_albert,"{""edge_probability"": 0.1, ""family"": ""barabasi_albert"", ""m"": 2, ""num_blocks"": 3, ""num_graphs"": 5, ""num_nodes"": 8, ""p_in"": 0.25, ""p_out"": 0.03, ""seed"": 0}",hub_modification,"{""alpha"": 1.0, ""edges_added"": 27, ""edges_removed"": 27, ""graphs"": 5, ""graphs_skipped"": 0, ""graphs_success"": 5, ""method"": ""hub_modification"", ""rewires"": 27, ""triangles_affected"": 0}",1.0,0,diversity_curves_l2,0.13820840242184987,0.13820840242184987,0.17520512288792106,0.007464687994797714,0.0117950439453125,success,
